City_ID,City,Country,Date,Lat,Lng,Max Temp,Humidity,Cloudiness,Wind Speed
0,Yashkul,RU,2022-08-04 16:02:27,46.1711,45.3435,307.32,22,6,6.24
1,Nabire,ID,2022-08-04 16:02:27,-3.3667,135.4833,297.36,93,100,1.41
2,Punta Arenas,CL,2022-08-04 16:00:09,-53.15,-70.9167,277.1,93,100,1.5
3,Tuktoyaktuk,CA,2022-08-04 16:02:28,69.4541,-133.0374,284.8,67,99,2.92
4,Dayong,CN,2022-08-04 16:02:28,25.0209,118.2898,298.22,93,32,0.31
5,Jamestown,US,2022-08-04 16:01:13,42.097,-79.2353,301.22,64,99,2.24
6,Rikitea,PF,2022-08-04 16:02:29,-23.1203,-134.9692,293.75,80,100,7.37
7,Ushuaia,AR,2022-08-04 16:02:30,-54.8,-68.3,277.45,98,100,1.54
8,Chernyshevskiy,RU,2022-08-04 16:02:30,63.0128,112.4714,284.07,92,100,1.48
9,San Carlos De Bariloche,AR,2022-08-04 16:02:30,-41.1456,-71.3082,275.13,71,86,3.88
10,Celestun,MX,2022-08-04 16:02:31,20.8667,-90.4,303.45,60,46,1.46
11,Port Alfred,ZA,2022-08-04 16:02:31,-33.5906,26.891,288.25,87,46,3.66
12,Faya,SA,2022-08-04 16:02:32,18.3851,42.4509,294.24,58,99,1.2
13,Lagunas,PE,2022-08-04 16:02:32,-5.2269,-75.6753,298.56,91,99,0.23
14,Talcahuano,CL,2022-08-04 16:02:34,-36.7167,-73.1167,283.92,80,83,1.33
15,Bredasdorp,ZA,2022-08-04 16:02:11,-34.5322,20.0403,287.25,73,71,0.87
16,Victoria,HK,2022-08-04 16:00:27,22.2855,114.1577,301.66,87,100,5.36
17,Hermanus,ZA,2022-08-04 16:02:35,-34.4187,19.2345,288.04,75,48,6.67
18,Morant Bay,JM,2022-08-04 16:02:35,17.8815,-76.4093,305.77,64,100,5.54
19,Hovd,MN,2022-08-04 16:02:36,48.0056,91.6419,295.05,33,56,0.48
20,Sao Filipe,CV,2022-08-04 15:58:09,14.8961,-24.4956,298.63,81,93,2.6
21,Busselton,AU,2022-08-04 16:02:36,-33.65,115.3333,284.02,76,100,2.45
22,Saint-Francois,FR,2022-08-04 16:00:50,46.4154,3.9054,309.84,20,0,2.06
23,Guerrero Negro,MX,2022-08-04 16:02:37,27.9769,-114.0611,296.48,70,3,5.91
24,Puerto Ayora,EC,2022-08-04 16:02:37,-0.7393,-90.3518,295.12,77,94,1.34
25,Atuona,PF,2022-08-04 16:02:38,-9.8,-139.0333,298.25,72,3,8.61
26,Uruzgan,AF,2022-08-04 16:02:38,32.8333,66.0,303.07,12,0,2.72
27,Yulara,AU,2022-08-04 16:01:19,-25.2406,130.9889,284.46,34,0,3.91
28,Amahai,ID,2022-08-04 16:02:39,-3.3333,128.9167,298.02,87,98,1.14
29,Bathsheba,BB,2022-08-04 16:02:39,13.2167,-59.5167,303.73,78,95,8.69
30,Egvekinot,RU,2022-08-04 16:02:40,66.3167,-179.1667,279.96,92,56,1.35
31,Georgetown,MY,2022-08-04 15:59:06,5.4112,100.3354,301.12,82,20,2.24
32,Bonthe,SL,2022-08-04 16:02:40,7.5264,-12.505,299.03,81,91,5.2
33,Bluff,NZ,2022-08-04 16:02:27,-46.6,168.3333,287.48,75,100,8.54
34,Butaritari,KI,2022-08-04 16:02:41,3.0707,172.7902,300.58,76,94,5.2
35,Tura,IN,2022-08-04 16:02:41,25.5198,90.2201,297.67,89,46,1.1
36,Mataura,NZ,2022-08-04 16:02:42,-46.1927,168.8643,287.3,91,100,2.63
37,Longyearbyen,SJ,2022-08-04 16:02:42,78.2186,15.6401,284.06,76,75,3.09
38,Iracoubo,GF,2022-08-04 16:02:43,5.4802,-53.2011,302.42,67,25,4.49
39,Denpasar,ID,2022-08-04 16:02:43,-8.65,115.2167,298.96,88,20,1.54
40,Barrow,US,2022-08-04 16:02:44,71.2906,-156.7887,283.24,70,100,5.79
41,Hithadhoo,MV,2022-08-04 16:02:44,-0.6,73.0833,300.85,69,98,6.43
42,Inskoy,RU,2022-08-04 16:02:45,54.4297,86.44,285.91,76,75,2.01
43,Carnarvon,AU,2022-08-04 16:02:46,-24.8667,113.6333,290.49,59,41,5.96
44,Yellowknife,CA,2022-08-04 16:02:15,62.456,-114.3525,287.35,62,17,2.24
45,Launceston,AU,2022-08-04 16:02:46,-41.45,147.1667,282.95,94,75,5.14
46,Evensk,RU,2022-08-04 16:03:47,61.95,159.2333,284.78,98,100,3.25
47,Ukiah,US,2022-08-04 16:03:47,39.1502,-123.2078,303.67,44,0,1.54
48,New Norfolk,AU,2022-08-04 16:03:41,-42.7826,147.0587,281.44,60,99,0.45
49,Kaitangata,NZ,2022-08-04 16:03:48,-46.2817,169.8464,280.57,87,100,2.3
50,Skjervoy,NO,2022-08-04 16:03:49,70.0311,20.9714,290.15,92,78,0.78
51,Pathein,MM,2022-08-04 16:03:49,16.7833,94.7333,297.91,95,98,3.06
52,Okhotsk,RU,2022-08-04 16:03:50,59.3833,143.3,287.32,96,100,1.84
53,Orlovo,RU,2022-08-04 16:03:50,51.754,39.5873,298.31,60,99,2.37
54,Bowen,AU,2022-08-04 16:03:51,-20.0167,148.2333,291.13,89,3,2.8
55,Vaini,TO,2022-08-04 16:03:51,-21.2,-175.2,296.24,94,40,3.6
56,Lewiston,US,2022-08-04 16:03:52,44.1003,-70.2148,306.88,49,0,4.63
57,Khatanga,RU,2022-08-04 16:03:52,71.9667,102.5,286.7,64,100,2.24
58,Henties Bay,NA,2022-08-04 16:03:53,-22.116,14.2845,287.31,85,17,5.49
59,Bengkulu,ID,2022-08-04 16:03:53,-3.8004,102.2655,297.0,92,100,1.9
60,Saldanha,ZA,2022-08-04 16:03:54,-33.0117,17.9442,286.08,76,65,3.26
61,Havre-Saint-Pierre,CA,2022-08-04 16:03:54,50.2334,-63.5986,289.68,86,100,4.13
62,Gdansk,PL,2022-08-04 16:01:26,54.3521,18.6464,307.54,33,0,5.66
63,Padang,ID,2022-08-04 16:03:55,-0.9492,100.3543,298.18,85,99,1.91
64,Korla,CN,2022-08-04 16:00:29,41.7597,86.1469,304.98,25,11,2.76
65,Kapaa,US,2022-08-04 16:03:56,22.0752,-159.319,296.33,92,75,2.57
66,Chokurdakh,RU,2022-08-04 16:03:57,70.6333,147.9167,276.79,90,72,4.57
67,Ellsworth,US,2022-08-04 16:03:58,44.5434,-68.4195,304.02,70,0,8.23
68,Bantou,CN,2022-08-04 16:03:58,26.2151,117.4893,297.9,85,4,1.39
69,Hobart,AU,2022-08-04 16:02:46,-42.8794,147.3294,281.63,76,99,0.45
70,Pisco,PE,2022-08-04 16:02:52,-13.7,-76.2167,290.94,75,34,3.71
71,Constitucion,CL,2022-08-04 16:03:59,-35.3333,-72.4167,286.09,61,12,3.72
72,Bambous Virieux,MU,2022-08-04 15:59:31,-20.3428,57.7575,294.94,73,40,6.17
73,Kulhudhuffushi,MV,2022-08-04 16:04:00,6.6221,73.07,300.03,83,100,9.86
74,Gorontalo,ID,2022-08-04 16:02:03,0.5412,123.0595,297.15,94,100,1.48
75,General Roca,AR,2022-08-04 16:04:00,-39.0333,-67.5833,286.27,40,80,8.18
76,Fort Nelson,CA,2022-08-04 16:00:22,58.8053,-122.7002,285.36,85,100,2.44
77,Hilo,US,2022-08-04 16:03:55,19.7297,-155.09,298.86,77,0,3.09
78,Upernavik,GL,2022-08-04 16:04:01,72.7868,-56.1549,279.75,64,100,1.26
79,Pemba,MZ,2022-08-04 16:04:02,-12.974,40.5178,297.27,69,0,4.58
80,San Agustin,MX,2022-08-04 16:04:03,20.5333,-103.4667,295.1,68,0,0.0
81,Butembo,CD,2022-08-04 16:04:03,0.15,29.2833,290.12,81,66,1.0
82,Broome,US,2022-08-04 16:01:37,42.2506,-75.833,307.09,57,20,1.79
83,Puerto Montt,CL,2022-08-04 16:04:05,-41.4698,-72.9447,280.61,87,75,3.09
84,Smoky Lake,CA,2022-08-04 16:04:05,54.1169,-112.4686,287.43,88,100,4.2
85,Albany,US,2022-08-04 16:00:08,42.6001,-73.9662,307.38,51,15,0.45
86,Lavrentiya,RU,2022-08-04 16:04:06,65.5833,-171.0,282.71,93,97,2.23
87,Port Hardy,CA,2022-08-04 16:03:17,50.6996,-127.4199,287.09,82,96,2.81
88,Putina,PE,2022-08-04 16:05:07,-15.4667,-69.4333,281.92,55,94,1.94
89,Leh,IN,2022-08-04 16:05:07,34.1667,77.5833,293.65,31,35,3.06
90,Atar,MR,2022-08-04 16:05:08,20.5169,-13.0499,311.19,24,1,4.96
91,Ystad,SE,2022-08-04 16:05:09,55.4297,13.8204,303.91,56,90,4.52
92,Westport,US,2022-08-04 16:04:08,41.1415,-73.3579,307.82,60,0,3.09
93,Marawi,PH,2022-08-04 16:05:09,7.9986,124.2928,293.69,95,100,1.44
94,Mumford,GH,2022-08-04 16:05:10,5.2618,-0.759,296.55,75,77,5.01
95,Cabra,ES,2022-08-04 16:05:10,37.4725,-4.4421,309.73,15,0,8.85
96,Teguise,ES,2022-08-04 16:05:11,29.0605,-13.564,300.27,54,20,9.26
97,Kholtoson,RU,2022-08-04 16:05:11,50.2981,103.3097,286.76,96,98,1.75
98,Chicama,PE,2022-08-04 16:05:12,-7.8447,-79.1469,290.45,62,73,2.96
99,Dikson,RU,2022-08-04 16:05:12,73.5069,80.5464,283.23,96,100,8.31
100,Saint-Philippe,RE,2022-08-04 16:03:10,-21.3585,55.7679,293.92,78,31,5.02
101,Nikolskoye,RU,2022-08-04 16:05:13,59.7035,30.7861,300.09,46,80,1.9
102,East London,ZA,2022-08-04 16:05:14,-33.0153,27.9116,291.66,71,79,3.78
103,Lufilufi,WS,2022-08-04 16:05:14,-13.8745,-171.5986,299.28,81,72,10.88
104,Arraial Do Cabo,BR,2022-08-04 16:05:15,-22.9661,-42.0278,297.07,78,0,6.17
105,San Felipe,VE,2022-08-04 16:05:15,10.3399,-68.7425,303.83,58,98,0.46
106,Mar Del Plata,AR,2022-08-04 16:00:30,-38.0023,-57.5575,283.2,75,95,0.89
107,Lac-Megantic,CA,2022-08-04 16:05:16,45.5834,-70.8823,300.32,54,81,4.12
108,Hami,CN,2022-08-04 16:05:17,42.8,93.45,305.77,15,59,4.49
109,Karratha,AU,2022-08-04 16:05:17,-20.7377,116.8463,292.45,37,3,5.37
110,Sibu,MY,2022-08-04 16:05:18,2.3,111.8167,297.08,97,100,0.76
111,Nago,JP,2022-08-04 16:05:18,26.5881,127.9761,300.39,84,85,2.53
112,Tasiilaq,GL,2022-08-04 16:03:03,65.6145,-37.6368,279.24,81,100,1.89
113,Cherskiy,RU,2022-08-04 16:03:26,68.75,161.3,279.91,93,100,1.85
114,Codrington,AU,2022-08-04 16:04:38,-38.2667,141.9667,285.2,71,100,10.89
115,Ramnagar,IN,2022-08-04 16:05:19,29.4,79.1167,299.04,81,98,1.71
116,Katsuura,JP,2022-08-04 16:05:20,35.1333,140.3,297.64,95,100,5.83
117,Kodiak,US,2022-08-04 16:05:20,57.79,-152.4072,286.88,82,20,1.54
118,Severo-Kurilsk,RU,2022-08-04 16:04:27,50.6789,156.125,284.37,90,34,4.43
119,Novyy Urengoy,RU,2022-08-04 16:05:21,66.0833,76.6333,295.13,42,94,2.6
120,Outjo,NA,2022-08-04 16:05:21,-20.1167,16.15,299.14,11,3,3.24
121,Saint Anthony,US,2022-08-04 16:00:25,45.0205,-93.218,298.59,56,0,0.89
122,Anadyr,RU,2022-08-04 16:01:11,64.75,177.4833,283.15,93,38,1.79
123,Saint-Augustin,CA,2022-08-04 16:05:22,51.226,-58.6502,292.77,67,100,6.9
124,Bata,GQ,2022-08-04 16:05:23,1.8639,9.7658,298.6,77,82,4.72
125,Grand Gaube,MU,2022-08-04 16:05:23,-20.0064,57.6608,295.03,69,2,3.13
126,Geraldton,AU,2022-08-04 16:05:24,-28.7667,114.6,285.38,94,100,3.09
127,Santa Rosa,PH,2022-08-04 16:05:24,14.3122,121.1114,298.2,94,100,3.28
128,Labuhan,ID,2022-08-04 16:05:25,-6.8844,112.2051,297.71,78,27,3.24
129,Nikolayevsk-Na-Amure,RU,2022-08-04 16:05:25,53.1406,140.73,288.74,98,97,0.53
130,Sokolovo,RU,2022-08-04 16:05:26,52.5318,84.7896,287.58,65,78,3.22
131,Fortuna,US,2022-08-04 16:05:26,40.5982,-124.1573,289.78,91,100,2.06
132,Bethel,US,2022-08-04 16:05:27,41.3712,-73.414,307.12,58,0,4.12
133,Laguna,US,2022-08-04 16:04:31,38.421,-121.4238,305.9,41,0,4.63
134,Aswan,EG,2022-08-04 16:05:28,24.0934,32.907,314.2,12,13,3.43
135,Airai,TL,2022-08-04 16:05:28,-8.9266,125.4092,286.75,89,43,0.87
136,Zhigalovo,RU,2022-08-04 16:05:29,54.8097,105.1578,285.36,87,58,0.35
137,Suzzara,IT,2022-08-04 16:06:29,44.9919,10.7431,310.38,27,0,2.01
138,Coahuayana,MX,2022-08-04 16:06:30,18.7333,-103.6833,305.05,60,63,0.55
139,Saskylakh,RU,2022-08-04 16:06:30,71.9167,114.0833,285.52,63,92,3.38
140,Palma Soriano,CU,2022-08-04 16:06:31,20.2172,-75.9989,303.63,53,94,1.71
141,Cabedelo,BR,2022-08-04 16:03:38,-6.9811,-34.8339,301.52,73,20,7.1
142,Sao Gabriel Da Cachoeira,BR,2022-08-04 16:06:31,-0.1303,-67.0892,300.85,81,77,0.74
143,Fomboni,KM,2022-08-04 16:06:32,-12.28,43.7425,297.53,70,0,6.55
144,Erenhot,CN,2022-08-04 16:06:32,43.6475,111.9767,297.65,49,0,5.8
145,Leningradskiy,RU,2022-08-04 16:06:33,69.3833,178.4167,274.24,99,100,5.17
146,Qasigiannguit,GL,2022-08-04 16:04:35,68.8193,-51.1922,281.29,90,100,1.4
147,San Quintin,MX,2022-08-04 16:06:34,30.4833,-115.95,295.69,77,84,4.77
148,Kattivakkam,IN,2022-08-04 16:03:17,13.2167,80.3167,302.2,89,100,5.72
149,Xuddur,SO,2022-08-04 16:06:35,4.1213,43.8894,299.94,44,96,8.27
150,Dukat,RU,2022-08-04 16:06:35,62.55,155.55,284.51,97,43,0.36
151,Amos,CA,2022-08-04 16:06:36,48.5669,-78.1162,286.98,82,98,2.35
152,Thompson,CA,2022-08-04 16:06:37,55.7435,-97.8558,290.19,35,17,2.53
153,Kipini,KE,2022-08-04 16:06:37,-2.5257,40.5262,297.31,77,27,8.08
154,Ribeira Grande,PT,2022-08-04 16:02:52,38.5167,-28.7,298.37,88,75,3.6
155,Pacific Grove,US,2022-08-04 16:04:36,36.6177,-121.9166,290.97,95,25,0.89
156,Cape Town,ZA,2022-08-04 16:06:38,-33.9258,18.4232,290.03,74,71,3.58
157,Wasilla,US,2022-08-04 16:02:18,61.5814,-149.4394,288.19,86,0,1.54
158,Deputatskiy,RU,2022-08-04 16:02:31,69.3,139.9,274.98,86,30,0.69
159,Mahebourg,MU,2022-08-04 16:03:00,-20.4081,57.7,294.96,73,40,5.66
160,Rosario,AR,2022-08-04 16:06:39,-32.9468,-60.6393,289.23,63,0,6.69
161,Sibut,CF,2022-08-04 16:06:40,5.718,19.0739,297.14,92,100,1.23
162,Tromso,NO,2022-08-04 16:06:40,69.6496,18.957,286.16,76,75,6.69
163,Tuatapere,NZ,2022-08-04 16:06:41,-46.1333,167.6833,285.66,81,100,3.95
164,Clarence Town,AU,2022-08-04 16:06:41,-32.5833,151.7833,291.1,97,98,1.68
165,Poum,NC,2022-08-04 16:06:42,-20.2333,164.0167,297.02,83,1,2.78
166,Tautira,PF,2022-08-04 16:06:42,-17.7333,-149.15,297.87,78,77,12.1
167,Klichka,RU,2022-08-04 16:06:43,50.4457,117.996,287.67,86,28,4.71
168,Tumkur,IN,2022-08-04 16:06:43,13.3422,77.1017,296.13,85,100,2.9
169,Pevek,RU,2022-08-04 16:04:34,69.7008,170.3133,274.52,96,100,2.59
170,Kruisfontein,ZA,2022-08-04 16:03:58,-34.0033,24.7314,286.34,84,78,2.72
171,Souillac,MU,2022-08-04 16:06:44,-20.5167,57.5167,294.36,73,40,5.66
172,Mutare,ZW,2022-08-04 16:06:45,-18.9707,32.6709,290.67,46,1,1.7
173,Yuancheng,CN,2022-08-04 16:06:45,36.652,107.7896,299.33,64,98,2.44
174,Waimana,NZ,2022-08-04 16:06:46,-38.15,177.0833,279.5,95,6,1.77
175,Avarua,CK,2022-08-04 16:02:05,-21.2078,-159.775,296.18,73,75,7.72
176,Alvaraes,BR,2022-08-04 16:06:46,-3.2208,-64.8042,305.08,55,99,2.24
177,Buin,CL,2022-08-04 16:06:47,-33.7333,-70.75,287.28,54,0,0.9
178,Bilma,NE,2022-08-04 16:06:48,18.6853,12.9164,311.66,22,18,0.17
179,Khuzhir,RU,2022-08-04 16:06:48,53.1939,107.3397,287.28,79,8,2.54
180,Kidodi,TZ,2022-08-04 16:06:49,-7.6036,37.0044,296.76,54,89,0.45
181,Mareeba,AU,2022-08-04 16:06:50,-17.0,145.4333,293.55,95,67,1.18
182,Tecoanapa,MX,2022-08-04 16:07:50,16.5167,-98.75,302.76,63,0,1.24
183,San Matias,BO,2022-08-04 16:07:51,-16.3667,-58.4,310.64,14,11,2.44
184,Ouro Branco,BR,2022-08-04 16:03:44,-20.5208,-43.6919,300.68,25,85,1.39
185,Inhambane,MZ,2022-08-04 16:07:51,-23.865,35.3833,293.66,77,0,4.21
186,Gwadar,PK,2022-08-04 16:07:53,25.1216,62.3254,300.76,84,59,4.11
187,Oranjemund,NA,2022-08-04 16:07:55,-28.55,16.4333,286.36,77,0,5.44
188,Zavyalovo,RU,2022-08-04 16:07:55,54.5053,82.4484,288.99,61,48,3.75
189,Dharchula,IN,2022-08-04 16:07:56,29.85,80.5333,296.62,91,100,0.47
190,Boqueirao,BR,2022-08-04 16:07:56,-7.5,-36.1333,299.17,68,72,6.17
191,Bull Savanna,JM,2022-08-04 16:07:57,17.8868,-77.5902,301.96,58,100,4.48
192,Ontario,US,2022-08-04 16:04:39,34.0633,-117.6509,304.16,67,75,3.09
193,Vallenar,CL,2022-08-04 16:07:58,-28.5708,-70.7581,293.85,15,0,1.08
194,Taree,AU,2022-08-04 16:07:58,-31.9,152.4667,290.99,100,100,2.06
195,Mut,TR,2022-08-04 16:07:59,36.6439,33.4389,308.71,33,0,3.65
196,Hofn,IS,2022-08-04 16:07:59,64.2539,-15.2082,285.16,54,75,7.72
197,Esperance,AU,2022-08-04 16:08:00,-33.8667,121.9,283.06,70,72,10.05
198,Collie,AU,2022-08-04 16:08:00,-33.3667,116.15,280.87,88,74,1.56
199,Estevan,CA,2022-08-04 16:08:01,49.1334,-102.9842,296.34,30,5,3.79
200,Sitka,US,2022-08-04 16:08:01,57.0531,-135.33,288.09,82,100,1.54
201,Mirador,BR,2022-08-04 16:08:02,-6.3708,-44.3631,305.36,40,73,4.13
202,Umm Kaddadah,SD,2022-08-04 16:08:02,13.6017,26.6876,307.81,30,91,2.31
203,Klaksvik,FO,2022-08-04 16:08:03,62.2266,-6.589,283.66,80,70,9.3
204,Sinnamary,GF,2022-08-04 16:08:04,5.3833,-52.95,302.82,65,38,4.39
205,Salalah,OM,2022-08-04 16:08:04,17.0151,54.0924,298.2,100,100,2.06
206,Saint-Gaudens,FR,2022-08-04 16:08:05,43.0833,0.6667,303.72,58,72,4.48
207,Maragogi,BR,2022-08-04 16:08:05,-9.0122,-35.2225,299.4,70,20,5.7
208,Namibe,AO,2022-08-04 16:07:17,-15.1961,12.1522,292.24,70,3,4.69
209,Fort Saint James,CA,2022-08-04 16:08:06,54.4333,-124.25,282.63,96,100,1.34
210,Ballina,AU,2022-08-04 16:08:06,-28.8667,153.5667,290.94,91,51,7.04
211,Santa Lucia,ES,2022-08-04 16:05:39,27.9117,-15.5407,295.8,65,20,15.43
212,Mindelo,CV,2022-08-04 16:08:08,16.8901,-24.9804,297.15,77,65,4.65
213,Mount Gambier,AU,2022-08-04 16:08:09,-37.8333,140.7667,283.1,93,75,6.69
214,Parabel,RU,2022-08-04 16:08:09,58.6978,81.4825,287.86,69,15,2.59
215,Baykit,RU,2022-08-04 16:04:48,61.67,96.37,279.99,92,100,2.07
216,Lata,PT,2022-08-04 16:08:10,40.1629,-8.3327,301.75,51,94,4.59
217,Norman Wells,CA,2022-08-04 16:08:10,65.282,-126.8329,290.06,67,31,0.94
218,Huangmei,CN,2022-08-04 16:08:11,30.1924,116.025,301.46,70,0,1.76
219,Guangyuan,CN,2022-08-04 16:08:12,32.442,105.823,297.48,93,13,0.45
220,Kishni,IN,2022-08-04 16:08:13,27.0247,79.2634,305.02,62,100,3.54
221,Broken Hill,AU,2022-08-04 16:08:13,-31.95,141.4333,284.56,43,0,6.17
222,Matara,LK,2022-08-04 16:08:14,5.9485,80.5353,298.62,84,100,6.16
223,Basco,PH,2022-08-04 16:08:14,20.4487,121.9702,302.39,75,71,6.19
224,Mount Isa,AU,2022-08-04 16:08:15,-20.7333,139.5,296.02,56,40,4.63
225,Farah,AF,2022-08-04 16:09:15,32.5,62.5,305.72,14,0,4.74
226,Avera,US,2022-08-04 16:09:16,33.194,-82.5271,303.46,53,11,2.3
227,Beringovskiy,RU,2022-08-04 16:08:45,63.05,179.3167,282.2,81,53,0.92
228,Vao,NC,2022-08-04 16:09:17,-22.6667,167.4833,295.32,85,99,6.39
229,Arman,RU,2022-08-04 16:09:17,59.7,150.1667,288.16,96,94,1.11
230,Smithers,CA,2022-08-04 16:04:52,54.7804,-127.1743,283.73,91,100,1.25
231,Warmbad,NA,2022-08-04 16:09:18,-28.45,18.7333,293.13,34,0,3.95
232,Aklavik,CA,2022-08-04 16:09:18,68.2191,-135.0107,290.09,61,76,3.68
233,Shakiso,ET,2022-08-04 16:07:16,5.75,38.9167,290.42,69,89,0.96
234,Castro,BR,2022-08-04 16:09:19,-24.7911,-50.0119,298.47,40,6,6.12
235,Kavieng,PG,2022-08-04 16:09:20,-2.5744,150.7967,300.83,78,95,5.94
236,Tazovskiy,RU,2022-08-04 16:09:20,67.4667,78.7,289.98,61,47,2.24
237,Biltine,TD,2022-08-04 16:09:21,14.5333,20.9167,304.07,50,99,2.59
238,Masuguru,TZ,2022-08-04 16:09:21,-11.3667,38.4167,301.73,26,34,2.2
239,Margate,GB,2022-08-04 16:05:57,51.3813,1.3862,297.52,63,45,2.68
240,Maumere,ID,2022-08-04 16:09:23,-8.6199,122.2111,296.81,74,86,2.93
241,Kendari,ID,2022-08-04 16:09:24,-3.945,122.4989,296.51,89,29,0.52
242,Grand-Lahou,CI,2022-08-04 16:09:24,5.1367,-5.0242,297.99,72,83,3.49
243,Kieta,PG,2022-08-04 16:09:25,-6.2167,155.6333,298.74,86,93,1.77
244,Lazaro Cardenas,MX,2022-08-04 16:09:25,17.9583,-102.2,302.92,71,35,0.1
245,Sisimiut,GL,2022-08-04 16:09:26,66.9395,-53.6735,280.77,82,100,5.53
246,Gat,IL,2022-08-04 16:09:26,31.61,34.7642,305.59,100,0,5.72
247,Mogadishu,SO,2022-08-04 16:05:21,2.0371,45.3438,297.74,83,37,8.28
248,Kawalu,ID,2022-08-04 16:09:27,-7.3817,108.2082,293.7,98,29,0.11
249,Mnogovershinnyy,RU,2022-08-04 16:09:28,53.9353,139.9242,286.23,98,100,0.67
250,Roma,US,2022-08-04 16:09:29,43.2128,-75.4557,305.75,64,20,4.12
251,Nome,US,2022-08-04 16:04:33,64.5011,-165.4064,284.91,100,100,7.2
252,Nouakchott,MR,2022-08-04 16:07:08,18.0858,-15.9785,303.11,73,84,5.58
253,Yerbogachen,RU,2022-08-04 16:09:31,61.2767,108.0108,284.06,89,46,0.48
254,Mayo,US,2022-08-04 16:09:31,38.8876,-76.5119,308.52,70,0,4.02
255,Madaoua,NE,2022-08-04 16:09:32,14.073,5.96,304.29,51,71,1.92
256,Flinders,AU,2022-08-04 16:09:32,-34.5833,150.8552,289.47,87,62,0.89
257,Aquiraz,BR,2022-08-04 16:09:33,-3.9014,-38.3911,303.4,72,64,4.84
258,Christchurch,NZ,2022-08-04 16:08:01,-43.5333,172.6333,282.54,75,1,1.03
259,Mandalgovi,MN,2022-08-04 16:09:33,45.7625,106.2708,292.48,52,14,3.54
260,Clyde River,CA,2022-08-04 16:09:34,70.4692,-68.5914,277.92,88,100,2.09
261,Port Blair,IN,2022-08-04 16:09:34,11.6667,92.75,300.61,81,100,9.17
262,Chuy,UY,2022-08-04 16:09:35,-33.6971,-53.4616,286.06,96,100,6.13
263,Touros,BR,2022-08-04 16:09:35,-5.1989,-35.4608,300.85,70,17,7.3
264,Isla Vista,US,2022-08-04 16:09:36,34.4133,-119.861,302.79,62,0,2.06
265,Cap Malheureux,MU,2022-08-04 16:09:37,-19.9842,57.6142,295.08,69,1,1.34
266,Cabo San Lucas,MX,2022-08-04 16:07:42,22.8909,-109.9124,307.76,62,0,4.12
267,Witu,KE,2022-08-04 16:09:38,-2.3889,40.4382,297.24,76,16,6.16
268,La Seyne-Sur-Mer,FR,2022-08-04 16:09:39,43.0982,5.8847,304.62,68,2,2.68
269,Provideniya,RU,2022-08-04 16:09:40,64.3833,-173.3,283.7,90,100,4.52
270,Olinda,BR,2022-08-04 16:09:41,-8.0089,-34.8553,300.0,69,40,5.14
271,Mugan,CN,2022-08-04 16:10:42,35.9404,101.3842,289.95,84,41,2.34
272,Genhe,CN,2022-08-04 16:10:42,50.7833,121.5167,290.98,99,100,0.31
273,Zasosna,RU,2022-08-04 16:10:43,50.6307,38.3965,291.77,91,77,5.63
274,Havoysund,NO,2022-08-04 16:10:43,70.9963,24.6622,289.28,93,65,8.16
275,Kahului,US,2022-08-04 16:10:44,20.8947,-156.47,296.95,73,0,1.79
276,Cidreira,BR,2022-08-04 16:10:44,-30.1811,-50.2056,291.21,88,100,0.78
277,Qaanaaq,GL,2022-08-04 16:10:45,77.484,-69.3632,280.32,59,9,1.17
278,Merauke,ID,2022-08-04 16:10:45,-8.4667,140.3333,297.97,91,88,4.44
279,Bubaque,GW,2022-08-04 16:10:46,11.2833,-15.8333,298.97,82,95,3.28
280,Buffalo,US,2022-08-04 16:09:32,42.8865,-78.8784,301.25,77,75,6.17
281,Lebu,CL,2022-08-04 16:10:47,-37.6167,-73.65,283.43,71,90,0.99
282,Ilulissat,GL,2022-08-04 16:10:21,69.2167,-51.1,281.16,93,100,5.14
283,Zlitan,LY,2022-08-04 16:10:48,32.4674,14.5687,303.2,53,0,8.3
284,Coquimbo,CL,2022-08-04 16:10:48,-29.9533,-71.3436,289.0,63,0,3.09
285,Dongkan,CN,2022-08-04 16:10:49,33.9997,119.8308,301.06,88,17,2.36
286,Husavik,IS,2022-08-04 16:10:50,66.0449,-17.3389,279.92,92,100,6.39
287,Montepuez,MZ,2022-08-04 16:10:50,-13.1256,38.9997,297.21,39,71,2.8
288,Svobodnyy,RU,2022-08-04 16:10:51,51.4,128.1333,295.23,81,100,3.24
289,Olenegorsk,RU,2022-08-04 16:10:52,68.15,33.3,289.32,90,96,4.24
290,Ambilobe,MG,2022-08-04 16:10:53,-13.2,49.05,294.79,69,48,1.9
291,Brasileia,BR,2022-08-04 16:10:53,-11.0161,-68.7481,307.95,36,78,1.86
292,Ekuvukeni,ZA,2022-08-04 16:10:54,-28.4675,30.1551,291.38,38,54,1.1
293,Sao Joao Da Barra,BR,2022-08-04 16:10:54,-21.6403,-41.0511,302.2,68,10,5.72
294,Spasskoye,RU,2022-08-04 16:10:55,44.6108,132.7969,294.97,95,100,2.36
295,Fayaoue,NC,2022-08-04 16:10:55,-20.65,166.5333,297.32,83,3,5.74
296,Dhemaji,IN,2022-08-04 16:10:56,27.4833,94.5833,300.77,86,91,0.68
297,Ak-Dovurak,RU,2022-08-04 16:10:57,51.1833,90.6,290.09,50,100,2.12
298,Lasa,IT,2022-08-04 16:10:57,46.6166,10.7002,302.98,70,76,0.85
299,Saint George,US,2022-08-04 16:10:58,37.1041,-113.5841,305.34,36,0,1.54
300,Mayumba,GA,2022-08-04 16:10:58,-3.432,10.6554,295.07,81,98,4.01
301,Otjimbingwe,NA,2022-08-04 16:10:59,-22.35,16.1333,297.54,5,3,3.42
302,Taoudenni,ML,2022-08-04 16:10:59,22.6783,-3.9836,317.06,14,14,4.35
303,Lucapa,AO,2022-08-04 16:11:00,-8.4192,20.7447,304.15,17,5,2.13
304,Isangel,VU,2022-08-04 16:11:00,-19.55,169.2667,296.71,89,4,2.79
305,Hirara,JP,2022-08-04 16:11:01,24.8,125.2833,302.56,74,51,4.74
306,Codajas,BR,2022-08-04 16:11:01,-3.8367,-62.0569,306.35,48,62,2.38
307,Tirana,AL,2022-08-04 16:08:31,41.3275,19.8189,303.64,37,0,5.66
308,Moose Factory,CA,2022-08-04 16:11:02,51.2585,-80.6094,293.42,45,23,4.01
309,Ancud,CL,2022-08-04 16:11:02,-41.8697,-73.8203,280.5,70,100,1.67
310,Hamilton,US,2022-08-04 16:11:03,39.1834,-84.5333,304.2,73,40,2.06
311,Komsomolskiy,UZ,2022-08-04 16:11:03,40.4272,71.7189,301.28,29,54,3.76
312,Lengshuijiang,CN,2022-08-04 16:11:04,27.6881,111.4294,300.07,77,8,1.08
313,Kangaatsiaq,GL,2022-08-04 16:11:05,68.3065,-53.4641,278.6,94,100,6.22
314,Tarakan,ID,2022-08-04 16:11:05,3.3,117.6333,300.67,77,100,3.39
315,Mabaruma,GY,2022-08-04 16:11:05,8.2,-59.7833,296.88,98,100,2.06
316,Grindavik,IS,2022-08-04 16:11:06,63.8424,-22.4338,285.41,58,20,6.69
317,Manacapuru,BR,2022-08-04 16:12:07,-3.2997,-60.6206,305.48,51,28,2.57
318,Port Elizabeth,ZA,2022-08-04 16:12:07,-33.918,25.5701,288.32,84,44,1.79
319,El Alto,PE,2022-08-04 16:12:08,-4.2714,-81.2147,295.96,66,59,4.18
320,Linkou,CN,2022-08-04 16:12:08,45.3,130.2833,295.25,87,100,1.72
321,Buchanan,LR,2022-08-04 16:12:09,5.8808,-10.0467,297.89,82,100,4.81
322,Beloha,MG,2022-08-04 16:12:09,-25.1667,45.05,295.47,57,85,1.29
323,Birao,CF,2022-08-04 16:12:10,10.2849,22.7882,298.73,78,99,1.26
324,Khasan,RU,2022-08-04 16:12:10,42.4308,130.6434,295.14,97,100,1.79
325,Susanville,US,2022-08-04 16:12:11,40.4163,-120.653,300.99,47,0,0.89
326,Vila,PT,2022-08-04 16:11:26,42.0304,-8.1588,303.54,30,20,3.98
327,San Vicente,AR,2022-08-04 16:12:12,-26.6167,-54.1333,296.05,59,95,3.44
328,Torbay,CA,2022-08-04 16:09:33,47.6666,-52.7314,298.01,85,100,1.34
329,Paredon,MX,2022-08-04 16:12:13,16.0333,-93.8667,301.99,67,0,2.14
330,Forbes,AU,2022-08-04 16:12:13,-33.3833,148.0167,283.34,92,15,4.08
331,Te Anau,NZ,2022-08-04 16:12:14,-45.4167,167.7167,283.89,91,100,4.57
332,Oak Ridge,US,2022-08-04 16:12:14,36.0104,-84.2696,302.49,68,75,1.34
333,Ndungu,TZ,2022-08-04 16:12:15,-4.3667,38.05,294.98,71,88,1.97
334,Lujiang,CN,2022-08-04 16:12:15,31.2581,117.2817,302.97,64,0,2.19
335,Narsaq,GL,2022-08-04 16:12:16,60.9167,-46.05,283.27,92,100,0.78
336,Amot,NO,2022-08-04 16:12:16,59.5714,7.9877,289.68,62,75,5.53
337,Lodja,CD,2022-08-04 16:12:17,-3.4833,23.4333,305.56,25,7,0.64
338,Srednekolymsk,RU,2022-08-04 16:12:17,67.45,153.6833,281.24,84,100,3.44
339,Cao Bang,VN,2022-08-04 16:12:18,22.6667,106.25,298.82,93,15,0.69
340,Benghazi,LY,2022-08-04 16:12:18,32.1167,20.0667,301.99,63,0,6.97
341,Laishevo,RU,2022-08-04 16:12:19,55.4046,49.5504,300.27,73,29,2.54
342,Santa Fe,AR,2022-08-04 16:09:31,-31.6333,-60.7,287.05,72,100,4.92
343,Axim,GH,2022-08-04 16:12:20,4.8699,-2.2405,297.78,70,94,4.11
344,Kedrovyy,RU,2022-08-04 16:12:21,56.1667,91.8167,283.38,93,98,3.37
345,Ossora,RU,2022-08-04 16:12:21,59.2353,163.0719,285.3,83,60,1.68
346,Quatre Cocos,MU,2022-08-04 16:12:22,-20.2078,57.7625,294.87,74,14,6.98
347,Fairbanks,US,2022-08-04 16:12:22,64.8378,-147.7164,290.88,73,0,1.54
348,Mataram,ID,2022-08-04 16:12:23,-8.5833,116.1167,296.29,82,51,3.11
349,Rongcheng,CN,2022-08-04 16:12:24,30.634,117.8517,302.52,75,60,0.67
350,Aguimes,ES,2022-08-04 16:12:24,27.9054,-15.4461,298.52,65,20,15.43
351,Bengbu,CN,2022-08-04 16:12:25,32.9408,117.3608,302.65,74,0,2.15
352,Tiksi,RU,2022-08-04 16:12:26,71.6872,128.8694,279.85,69,4,3.97
353,Emba,KZ,2022-08-04 16:09:18,48.8264,58.1442,298.86,34,47,4.07
354,Bandarbeyla,SO,2022-08-04 16:12:27,9.4942,50.8122,298.35,79,83,15.15
355,Sioux Lookout,CA,2022-08-04 16:12:27,50.1001,-91.917,293.14,45,32,2.2
356,Meulaboh,ID,2022-08-04 16:12:28,4.1363,96.1285,298.96,76,100,1.91
357,Vestmannaeyjar,IS,2022-08-04 16:12:28,63.4427,-20.2734,285.23,64,53,8.0
358,Nosy Varika,MG,2022-08-04 16:12:29,-20.5833,48.5333,292.84,75,0,1.01
359,Camacha,PT,2022-08-04 16:13:29,33.0833,-16.3333,294.83,78,75,7.2
360,Taksimo,RU,2022-08-04 16:13:30,56.3444,114.8794,287.51,79,100,2.13
361,Tateyama,JP,2022-08-04 16:13:30,34.9833,139.8667,297.09,93,100,5.21
362,Funadhoo,MV,2022-08-04 16:13:31,6.15,73.2667,299.95,82,100,10.22
363,Huarmey,PE,2022-08-04 16:13:31,-10.0681,-78.1522,292.36,73,97,4.22
364,Atasu,KZ,2022-08-04 16:13:32,48.6814,71.6433,293.19,58,83,4.7
365,Nautanwa,IN,2022-08-04 16:13:32,27.4333,83.4167,300.87,83,85,2.34
366,Saint-Joseph,RE,2022-08-04 16:13:33,-21.3667,55.6167,293.36,77,42,4.99
367,Sambava,MG,2022-08-04 16:13:33,-14.2667,50.1667,294.07,82,29,5.1
368,Mahanoro,MG,2022-08-04 16:13:34,-19.9,48.8,292.67,78,0,1.04
369,Bac Lieu,VN,2022-08-04 16:13:35,9.285,105.7244,299.29,85,100,5.43
370,Gao,ML,2022-08-04 16:13:35,16.6362,1.637,312.18,20,71,2.5
371,Lokoja,NG,2022-08-04 16:13:36,7.8024,6.743,302.4,62,77,3.03
372,Victor Harbor,AU,2022-08-04 16:13:36,-35.5667,138.6167,284.82,88,49,2.24
373,Dingle,PH,2022-08-04 16:13:37,10.9995,122.6711,297.58,94,100,1.72
374,Formosa,AR,2022-08-04 16:13:37,-26.1775,-58.1781,291.14,72,75,5.14
375,Sterlibashevo,RU,2022-08-04 16:13:38,53.4376,55.2578,293.23,62,33,1.66
376,Riobamba,EC,2022-08-04 16:13:38,-1.6667,-78.6333,289.35,72,100,6.17
377,Sorland,NO,2022-08-04 16:13:39,67.667,12.6934,287.07,78,100,8.56
378,Olden,NO,2022-08-04 16:13:39,61.8364,6.8064,284.88,95,100,2.31
379,Talnakh,RU,2022-08-04 16:13:40,69.4865,88.3972,289.38,80,100,1.09
380,Papara,BR,2022-08-04 16:13:40,-3.9839,-38.7273,302.57,66,83,3.95
381,Kaduna,NG,2022-08-04 16:13:41,10.5222,7.4383,297.87,80,79,3.16
382,Alyangula,AU,2022-08-04 16:13:41,-13.8483,136.4192,295.95,89,64,2.16
383,Rosamorada,MX,2022-08-04 16:13:42,22.1222,-105.2058,304.51,63,63,0.19
384,Villarrica,PY,2022-08-04 16:13:43,-25.75,-56.4333,292.78,91,98,2.73
385,Honningsvag,NO,2022-08-04 16:13:43,70.9821,25.9704,289.01,72,100,5.66
386,Vanavara,RU,2022-08-04 16:13:44,60.34,102.2797,282.83,93,43,1.63
387,Ponta Do Sol,PT,2022-08-04 16:13:44,32.6667,-17.1,301.32,65,0,2.77
388,Taunton,GB,2022-08-04 16:13:45,51.0211,-3.1047,296.18,51,100,2.68
389,Inverell,AU,2022-08-04 16:13:45,-29.7833,151.1167,288.21,89,96,0.89
390,Kununurra,AU,2022-08-04 16:13:46,-15.7667,128.7333,294.14,83,83,0.0
391,Solnechnyy,RU,2022-08-04 16:13:46,50.7214,136.6319,288.07,97,100,1.5
392,Jiayuguan,CN,2022-08-04 16:13:47,39.8167,98.3,300.29,31,1,3.1
393,Salinopolis,BR,2022-08-04 16:13:47,-0.6136,-47.3561,302.35,64,8,4.5
394,Kiryas Joel,US,2022-08-04 16:13:48,41.342,-74.1679,307.12,53,40,5.66
395,Buala,SB,2022-08-04 16:13:48,-8.145,159.5921,299.57,83,81,3.47
396,Keuruu,FI,2022-08-04 16:13:49,62.2667,24.7,298.25,54,33,4.81
397,Chimore,BO,2022-08-04 16:13:49,-16.9833,-65.1333,305.46,43,55,2.48
398,Port Hedland,AU,2022-08-04 16:13:50,-20.3167,118.5667,289.18,88,6,3.09
399,Romny,UA,2022-08-04 16:13:50,50.751,33.4747,294.99,85,79,3.37
400,Dongsheng,CN,2022-08-04 16:13:51,39.8161,109.9776,296.09,67,47,1.11
401,Half Moon Bay,US,2022-08-04 16:13:51,37.4636,-122.4286,297.54,78,100,3.6
402,Tiznit,MA,2022-08-04 16:13:52,29.5833,-9.5,308.14,20,1,4.34
403,Salekhard,RU,2022-08-04 16:13:53,66.53,66.6019,290.93,70,70,2.69
404,Bac Ninh,VN,2022-08-04 16:13:53,21.1833,106.05,300.2,85,94,1.86
405,Tabory,RU,2022-08-04 16:13:54,58.5198,64.5495,290.75,71,85,2.11
406,Port Lincoln,AU,2022-08-04 16:14:54,-34.7333,135.8667,285.26,78,47,9.6
407,Novoagansk,RU,2022-08-04 16:14:55,61.9449,76.6625,291.48,51,42,2.52
408,Bilibino,RU,2022-08-04 16:14:56,68.0546,166.4372,280.64,91,99,1.38
409,Dawei,MM,2022-08-04 16:14:56,14.0833,98.2,297.7,94,100,1.83
410,Piacabucu,BR,2022-08-04 16:14:57,-10.4056,-36.4344,299.54,69,17,5.35
411,Zyryanka,RU,2022-08-04 16:14:57,65.75,150.85,282.87,95,100,4.7
412,Porbandar,IN,2022-08-04 16:14:58,21.6422,69.6093,301.79,75,98,4.06
413,Bartica,GY,2022-08-04 16:14:58,6.4,-58.6167,302.33,79,100,1.71
414,Hanko,FI,2022-08-04 16:14:59,59.8333,22.95,296.56,87,11,4.98
415,Richards Bay,ZA,2022-08-04 16:14:59,-28.783,32.0377,292.24,71,1,1.9
416,Takoradi,GH,2022-08-04 16:15:00,4.8845,-1.7554,297.46,72,98,4.33
417,San Bartolome De Tirajana,ES,2022-08-04 16:15:00,27.9248,-15.5733,293.88,68,20,15.43
418,Grao Mogol,BR,2022-08-04 16:15:01,-16.5594,-42.8897,301.13,23,29,2.64
419,Oktyabrskoye,RU,2022-08-04 16:15:02,43.0645,44.7417,301.12,42,75,6.0
420,Kisanga,TZ,2022-08-04 16:15:03,-7.4362,37.7034,298.71,48,88,0.97
421,Ketou,BJ,2022-08-04 16:15:03,7.3633,2.5998,299.81,69,89,3.73
422,Onokhino,RU,2022-08-04 16:15:04,56.925,65.5394,294.33,70,27,1.09
423,Goundam,ML,2022-08-04 16:15:04,16.4145,-3.6708,311.09,29,37,1.61
424,Pitimbu,BR,2022-08-04 16:15:05,-7.4706,-34.8086,301.48,72,50,7.21
425,Umm Bab,QA,2022-08-04 16:15:06,25.2142,50.8072,309.42,52,38,5.47
426,Port-Cartier,CA,2022-08-04 16:15:06,50.0334,-66.8654,290.27,93,100,2.82
427,Namatanai,PG,2022-08-04 16:15:07,-3.6667,152.4333,298.87,83,95,3.21
428,Staryy Nadym,RU,2022-08-04 16:15:08,65.6118,72.6842,293.94,52,100,3.82
429,Lucelia,BR,2022-08-04 16:15:08,-21.7203,-51.0189,305.98,22,100,6.54
430,Calvinia,ZA,2022-08-04 16:15:09,-31.4707,19.776,286.39,51,1,3.75
431,Chapais,CA,2022-08-04 16:15:09,49.7834,-74.8492,288.03,77,100,2.62
432,Puerto Escondido,MX,2022-08-04 16:15:10,15.85,-97.0667,304.61,66,20,3.6
433,Doha,QA,2022-08-04 16:13:40,25.2867,51.5333,309.14,63,45,4.12
434,Tapes,BR,2022-08-04 16:15:11,-30.6733,-51.3958,291.28,92,100,4.65
435,Atambua,ID,2022-08-04 16:15:12,-9.1061,124.8925,293.81,88,52,1.62
436,Hereford,GB,2022-08-04 16:15:13,52.0568,-2.7148,296.86,46,72,0.45
437,Zatoka,UA,2022-08-04 16:15:14,46.0725,30.4654,298.59,62,78,2.32
438,Sawakin,SD,2022-08-04 16:15:14,19.1059,37.3321,310.24,44,95,1.99
439,Krapkowice,PL,2022-08-04 16:15:15,50.4752,17.9654,303.42,37,52,3.09
440,Necochea,AR,2022-08-04 16:15:15,-38.5473,-58.7368,284.1,64,92,2.41
441,Maba,CN,2022-08-04 16:15:16,24.6841,113.5984,297.85,97,100,0.67
442,Rocha,UY,2022-08-04 16:15:16,-34.4833,-54.3333,284.55,94,100,7.38
443,Barranca,PE,2022-08-04 16:15:17,-10.75,-77.7667,290.81,74,100,3.48
444,Ardakan,IR,2022-08-04 16:15:17,32.31,54.0175,309.31,13,0,3.27
445,Kaeo,NZ,2022-08-04 16:15:18,-35.1,173.7833,285.0,96,17,1.93
446,College,US,2022-08-04 16:14:34,64.8569,-147.8028,290.87,72,20,1.54
447,Iqaluit,CA,2022-08-04 16:12:14,63.7506,-68.5145,279.65,81,100,5.36
448,Trelew,AR,2022-08-04 16:13:36,-43.249,-65.3051,282.87,36,25,12.84
449,Fuerte Olimpo,PY,2022-08-04 16:15:20,-21.0415,-57.8738,301.42,26,100,1.64
450,Virginia Beach,US,2022-08-04 16:15:19,36.8529,-75.978,307.07,67,40,4.12
451,Nanortalik,GL,2022-08-04 16:16:20,60.1432,-45.2371,280.32,94,100,0.87
452,Hit,IQ,2022-08-04 16:16:21,33.6416,42.8251,316.41,11,0,3.51
453,North Bend,US,2022-08-04 16:15:21,43.4065,-124.2243,290.51,88,0,0.0
454,Najran,SA,2022-08-04 16:15:20,17.4924,44.1277,304.51,49,58,4.21
455,Santa Maria,BR,2022-08-04 16:16:03,-29.6842,-53.8069,295.34,77,58,8.37
456,Riyadh,SA,2022-08-04 16:14:59,24.6877,46.7219,314.23,22,77,4.41
457,Tagusao,PH,2022-08-04 16:16:22,9.1924,117.8141,299.58,83,99,1.51
458,Waddan,LY,2022-08-04 16:16:23,29.1614,16.139,310.15,17,0,4.1
459,Hambantota,LK,2022-08-04 16:16:23,6.1241,81.1185,299.44,77,100,8.89
460,Virovitica,HR,2022-08-04 16:16:24,45.8319,17.3839,307.53,19,0,0.96
461,Rio Grande,BR,2022-08-04 16:16:24,-32.035,-52.0986,288.21,99,100,3.34
462,Mahon,ES,2022-08-04 16:16:25,39.8885,4.2658,304.46,48,20,4.63
463,Workington,GB,2022-08-04 16:16:26,54.6425,-3.5441,290.27,67,16,7.98
464,Aloleng,PH,2022-08-04 16:16:26,16.1307,119.7824,300.27,83,100,1.56
465,Fort-Shevchenko,KZ,2022-08-04 16:16:27,44.5086,50.263,302.01,48,0,4.1
466,Ambon,ID,2022-08-04 16:16:27,-3.6954,128.1814,298.84,15,100,2.96
467,Chakwal,PK,2022-08-04 16:16:28,32.9334,72.8585,304.77,59,72,4.17
468,Sancti Spiritus,CU,2022-08-04 16:16:29,21.9297,-79.4425,303.17,60,23,5.52
469,Garowe,SO,2022-08-04 16:16:29,8.4054,48.4845,302.39,39,92,9.68
470,Normandin,CA,2022-08-04 16:16:30,48.8333,-72.5321,298.32,78,95,5.14
471,Praia Da Vitoria,PT,2022-08-04 16:16:30,38.7333,-27.0667,300.24,94,75,0.79
472,Bani Walid,LY,2022-08-04 16:16:31,31.7566,13.9942,308.43,27,1,7.68
473,Port-Gentil,GA,2022-08-04 16:14:16,-0.7193,8.7815,299.13,73,40,7.2
474,Dwarka,IN,2022-08-04 16:16:31,22.2394,68.9678,301.69,75,100,3.56
475,Vila Velha,BR,2022-08-04 16:16:32,-20.3297,-40.2925,303.12,56,20,6.17
476,Waverley,ZA,2022-08-04 16:16:32,-25.7023,28.2591,292.49,46,1,1.54
477,Boguchany,RU,2022-08-04 16:16:33,58.3814,97.4531,283.24,96,99,1.08
478,Coihaique,CL,2022-08-04 16:12:01,-45.5752,-72.0662,280.12,49,40,3.09
479,Thanh Hoa,VN,2022-08-04 16:16:35,19.8,105.7667,300.71,88,100,2.01
480,Avramesti,RO,2022-08-04 16:16:35,46.3333,25.0167,302.12,35,15,2.45
481,Chihuahua,MX,2022-08-04 16:16:35,28.5,-106.0,297.61,44,69,2.35
482,Lagoa,PT,2022-08-04 16:16:36,39.05,-27.9833,297.46,81,64,1.55
483,Safranbolu,TR,2022-08-04 16:16:37,41.2508,32.6942,298.06,75,59,1.76
484,Chagoda,RU,2022-08-04 16:16:37,59.164,35.3285,297.92,50,7,1.16
485,Belyy Yar,RU,2022-08-04 16:16:38,53.6039,91.3903,288.07,72,0,3.0
486,Hay River,CA,2022-08-04 16:16:38,60.8156,-115.7999,289.14,59,40,2.57
487,Tabas,IR,2022-08-04 16:16:39,33.5959,56.9244,310.27,14,0,2.06
488,Mount Pleasant,US,2022-08-04 16:15:21,32.7941,-79.8626,305.23,69,20,4.63
489,Pietra Ligure,IT,2022-08-04 16:16:40,44.1492,8.2821,309.23,42,0,4.12
490,Teguldet,RU,2022-08-04 16:16:40,57.3064,88.1667,283.79,89,98,2.04
491,Luderitz,NA,2022-08-04 16:16:41,-26.6481,15.1594,288.58,71,0,7.58
492,Catalina Foothills,US,2022-08-04 16:16:41,32.2979,-110.9187,301.93,64,0,1.79
493,Jinka,ET,2022-08-04 16:16:41,5.65,36.65,295.3,50,94,0.79
494,Altay,CN,2022-08-04 16:16:42,47.8667,88.1167,292.08,47,17,2.33
495,Xifeng,CN,2022-08-04 16:16:43,42.7372,124.7222,298.39,85,48,5.42
496,Great Yarmouth,GB,2022-08-04 16:17:44,52.6083,1.7305,296.71,64,99,4.12
497,Puerto Baquerizo Moreno,EC,2022-08-04 16:15:40,-0.9,-89.6,296.7,64,40,5.14
498,Tahta,EG,2022-08-04 16:17:44,26.7693,31.5021,312.09,12,19,6.64
499,Mangan,IN,2022-08-04 16:17:45,27.5167,88.5333,298.45,95,94,0.26
500,Ha Giang,VN,2022-08-04 16:17:45,22.8333,104.9833,298.95,95,99,0.96
501,Minab,IR,2022-08-04 16:17:46,27.1467,57.0801,306.33,70,0,2.06
502,Del Rio,US,2022-08-04 16:17:46,29.3627,-100.8968,306.06,57,0,6.69
503,Weiser,US,2022-08-04 16:17:47,44.251,-116.9693,302.52,44,47,2.24
504,Sebinkarahisar,TR,2022-08-04 16:17:47,40.2883,38.4236,295.68,63,6,3.64
505,Bogorodskoye,RU,2022-08-04 16:17:48,56.55,37.8833,297.51,56,46,2.76
506,Khandyga,RU,2022-08-04 16:17:49,62.6667,135.6,291.31,86,86,1.36
507,Cayenne,GF,2022-08-04 16:14:50,4.9333,-52.3333,304.17,24,75,6.69
508,Kudahuvadhoo,MV,2022-08-04 16:17:50,2.6708,72.8944,300.66,78,100,7.59
509,San Ramon,US,2022-08-04 16:17:16,37.7799,-121.978,300.11,59,0,3.09
510,Mbini,GQ,2022-08-04 16:17:50,1.574,9.6134,299.07,74,81,5.49
511,Ulaangom,MN,2022-08-04 16:17:51,49.9811,92.0667,292.88,45,78,5.64
512,Zeya,RU,2022-08-04 16:17:52,53.75,127.2667,292.16,95,100,2.51
513,Tilichiki,RU,2022-08-04 16:17:52,60.4667,166.1,284.51,87,100,2.48
514,Birjand,IR,2022-08-04 16:17:53,32.8663,59.2211,301.41,16,0,5.14
515,Vila Franca Do Campo,PT,2022-08-04 16:17:53,37.7167,-25.4333,299.38,79,57,3.76
516,Ostrovnoy,RU,2022-08-04 16:17:54,68.0531,39.5131,290.92,75,98,8.77
517,Sucua,EC,2022-08-04 16:17:54,-2.4667,-78.1667,294.56,94,75,1.03
518,Kratovo,MK,2022-08-04 16:17:55,42.0792,22.1814,303.48,21,38,3.46
519,Ahipara,NZ,2022-08-04 16:17:55,-35.1667,173.1667,284.7,92,5,1.94
520,Sabha,LY,2022-08-04 16:17:56,27.0377,14.4283,312.95,13,1,2.7
521,Narathiwat,TH,2022-08-04 16:14:26,6.3333,101.75,298.4,89,100,0.78
522,Angoche,MZ,2022-08-04 16:17:57,-16.2325,39.9086,295.93,76,3,3.47
523,Pimentel,PE,2022-08-04 16:17:57,-6.8367,-79.9342,295.31,64,20,2.57
524,Gambela,ET,2022-08-04 16:17:58,8.25,34.5833,297.21,86,100,1.91
525,Kirakira,SB,2022-08-04 16:17:58,-10.4544,161.9205,299.24,84,16,3.59
526,Shahdadkot,PK,2022-08-04 16:17:59,27.8477,67.9055,309.33,40,1,3.93
527,Adrar,MR,2022-08-04 16:17:59,20.5022,-10.0711,313.38,18,1,4.88
528,Magadi,IN,2022-08-04 16:18:00,12.9667,77.2333,297.29,88,100,3.45
529,Mongar,BT,2022-08-04 16:18:01,27.2747,91.2396,291.34,98,98,1.24
530,Pedernales,DO,2022-08-04 16:18:01,18.0384,-71.744,303.94,55,98,1.85
531,Ngunguru,NZ,2022-08-04 16:18:02,-35.6167,174.5,284.93,89,12,1.37
532,Ahuimanu,US,2022-08-04 16:18:02,21.4447,-157.8378,296.58,89,20,2.06
533,Tabuk,PH,2022-08-04 16:18:03,17.4189,121.4443,297.04,90,100,0.97
534,Kloulklubed,PW,2022-08-04 16:18:03,7.0419,134.2556,296.43,71,100,4.58
535,Atbasar,KZ,2022-08-04 16:18:04,51.8,68.3333,292.4,52,7,5.08
536,Rawson,AR,2022-08-04 16:18:04,-43.3002,-65.1023,282.57,40,30,12.81
537,Brae,GB,2022-08-04 16:18:05,60.3964,-1.353,285.51,68,98,5.23
538,Cururupu,BR,2022-08-04 16:18:05,-1.8283,-44.8683,301.32,73,22,3.19
539,Las Vegas,US,2022-08-04 16:14:35,36.175,-115.1372,307.53,34,0,6.17
540,Awjilah,LY,2022-08-04 16:18:02,29.1081,21.2869,309.31,17,0,6.59
541,Pangnirtung,CA,2022-08-04 16:19:06,66.1451,-65.7125,285.15,66,75,3.09
542,Acarau,BR,2022-08-04 16:19:07,-2.8856,-40.12,303.24,52,16,7.49
543,Ratnagiri,IN,2022-08-04 16:19:07,16.9833,73.3,299.91,85,100,2.19
544,Dunedin,NZ,2022-08-04 16:19:08,-45.8742,170.5036,286.93,51,100,1.34
545,Rapid Valley,US,2022-08-04 16:18:21,44.0625,-103.1463,306.83,38,0,2.57
546,Karlshus,NO,2022-08-04 16:19:08,59.352,10.8723,291.24,94,75,1.03
547,Jinchang,CN,2022-08-04 16:19:09,38.4953,102.1739,299.62,56,0,2.48
548,Mercedes,AR,2022-08-04 16:19:09,-34.6515,-59.4307,287.06,48,100,5.35
549,Back Mountain,US,2022-08-04 16:18:58,41.3359,-75.9963,306.09,63,15,3.03
550,Banjarmasin,ID,2022-08-04 16:19:10,-3.3244,114.591,297.23,91,8,1.65
551,Moree,AU,2022-08-04 16:19:11,-29.4667,149.85,289.36,93,88,3.84
552,Kinsale,IE,2022-08-04 16:19:12,51.7075,-8.5306,294.39,45,40,7.72
553,Vavuniya,LK,2022-08-04 16:19:12,8.7514,80.4971,298.56,78,100,5.32
554,Pacifica,US,2022-08-04 16:19:13,37.6138,-122.4869,297.75,88,20,5.81
555,Faanui,PF,2022-08-04 16:19:13,-16.4833,-151.75,298.46,76,14,11.37
556,Caravelas,BR,2022-08-04 16:19:14,-17.7125,-39.2481,299.35,52,23,3.66
557,Pontes E Lacerda,BR,2022-08-04 16:19:14,-15.2261,-59.3353,309.44,19,18,2.53
558,Medea,DZ,2022-08-04 16:19:15,36.2642,2.7539,304.54,24,0,4.56
