,City,Lat,Lng,Max Temp,Humidity,Cloudiness,Wind Speed,Country,Date,Current Description
0,Hobart,-42.8794,147.3294,6.14,90,0,0.0,AU,2022-08-11 20:59:14,clear sky
1,Nijar,36.9665,-2.206,26.8,54,0,1.54,ES,2022-08-11 20:59:15,clear sky
2,Tuktoyaktuk,69.4541,-133.0374,12.0,82,75,7.72,CA,2022-08-11 20:59:15,broken clouds
3,Henties Bay,-22.116,14.2845,12.44,91,1,4.39,NA,2022-08-11 20:59:16,clear sky
4,Georgetown,5.4112,100.3354,28.83,90,20,1.03,MY,2022-08-11 20:57:47,few clouds
5,Adrar,20.5022,-10.0711,37.64,24,0,2.61,MR,2022-08-11 20:59:16,clear sky
6,Busselton,-33.65,115.3333,9.63,89,2,4.79,AU,2022-08-11 20:59:17,clear sky
7,Kapaa,22.0752,-159.319,28.99,72,70,2.24,US,2022-08-11 20:59:17,broken clouds
8,Kruisfontein,-34.0033,24.7314,13.27,92,100,0.95,ZA,2022-08-11 20:59:18,overcast clouds
9,Vila Franca Do Campo,37.7167,-25.4333,22.23,85,49,3.27,PT,2022-08-11 20:59:18,scattered clouds
10,Krasnaya Gorka,55.1962,56.6673,12.26,86,45,1.67,RU,2022-08-11 20:59:18,scattered clouds
11,Waiuku,-37.25,174.75,9.62,75,6,0.76,NZ,2022-08-11 20:59:19,clear sky
12,Mataura,-46.1927,168.8643,0.32,84,20,1.2,NZ,2022-08-11 20:59:19,few clouds
13,Rowlett,32.9029,-96.5639,37.61,44,40,3.6,US,2022-08-11 20:58:11,scattered clouds
14,Tuatapere,-46.1333,167.6833,2.12,79,3,2.14,NZ,2022-08-11 20:55:58,clear sky
15,Lata,40.1629,-8.3327,16.28,91,0,0.83,PT,2022-08-11 20:59:19,clear sky
16,Provideniya,64.3833,-173.3,9.09,100,100,2.0,RU,2022-08-11 20:59:20,fog
17,Bethel,41.3712,-73.414,31.56,48,100,1.63,US,2022-08-11 20:59:20,overcast clouds
18,Robe,-37.1833,139.75,9.31,92,100,5.21,AU,2022-08-11 20:59:21,moderate rain
19,Hilo,19.7297,-155.09,27.92,93,78,0.89,US,2022-08-11 20:59:21,broken clouds
20,Avarua,-21.2078,-159.775,25.03,73,20,6.17,CK,2022-08-11 20:54:39,few clouds
21,Ushuaia,-54.8,-68.3,3.79,87,75,2.06,AR,2022-08-11 20:59:22,broken clouds
22,Whitehorse,60.7161,-135.0538,15.05,82,100,5.66,CA,2022-08-11 20:59:18,overcast clouds
23,Kodiak,57.79,-152.4072,12.73,94,100,3.6,US,2022-08-11 20:59:22,mist
24,Castro,-24.7911,-50.0119,10.23,68,0,2.06,BR,2022-08-11 20:59:23,clear sky
25,Rikitea,-23.1203,-134.9692,22.79,71,69,9.71,PF,2022-08-11 20:59:23,broken clouds
26,Asau,46.4333,26.4,16.51,74,39,2.33,RO,2022-08-11 20:59:23,light rain
27,Parrita,9.5201,-84.3225,32.36,78,100,1.67,CR,2022-08-11 20:59:24,overcast clouds
28,Smolenka,52.1352,113.4974,14.04,82,40,2.0,RU,2022-08-11 20:59:24,scattered clouds
29,Baruun-Urt,46.6806,113.2792,15.72,58,100,4.31,MN,2022-08-11 20:59:25,overcast clouds
30,Beloha,-25.1667,45.05,19.01,55,0,4.93,MG,2022-08-11 20:59:25,clear sky
31,Jaguaruna,-28.615,-49.0256,15.09,86,28,0.94,BR,2022-08-11 20:59:25,scattered clouds
32,Kharitonovo,61.4009,47.4978,15.67,70,100,3.85,RU,2022-08-11 20:59:26,overcast clouds
33,Tasiilaq,65.6145,-37.6368,2.59,84,26,0.94,GL,2022-08-11 20:55:57,scattered clouds
34,Hermanus,-34.4187,19.2345,15.45,76,100,6.01,ZA,2022-08-11 20:59:26,overcast clouds
35,Banyo,6.75,11.8167,18.06,96,100,1.25,CM,2022-08-11 20:59:27,overcast clouds
36,Koundara,12.4833,-13.3,24.33,96,79,2.21,GN,2022-08-11 20:59:27,light rain
37,Arraial Do Cabo,-22.9661,-42.0278,19.98,94,75,4.63,BR,2022-08-11 20:59:13,mist
38,Srednekolymsk,67.45,153.6833,18.0,75,79,3.1,RU,2022-08-11 20:59:28,broken clouds
39,Yar-Sale,66.8333,70.8333,13.86,80,100,6.04,RU,2022-08-11 20:59:28,overcast clouds
40,Miandrivazo,-19.5167,45.4667,20.22,65,0,0.91,MG,2022-08-11 20:59:29,clear sky
41,Churapcha,62.0025,132.4325,13.91,94,100,1.51,RU,2022-08-11 20:59:29,light rain
42,Nikolskoye,59.7035,30.7861,19.94,71,100,2.89,RU,2022-08-11 20:59:29,overcast clouds
43,Atuona,-9.8,-139.0333,25.1,68,40,11.41,PF,2022-08-11 20:59:30,scattered clouds
44,Kavieng,-2.5744,150.7967,27.17,79,95,5.75,PG,2022-08-11 20:59:30,light rain
45,Cabo San Lucas,22.8909,-109.9124,33.43,69,72,2.72,MX,2022-08-11 20:57:00,broken clouds
46,Jalaun,26.1451,79.3366,28.72,69,27,5.64,IN,2022-08-11 21:00:31,scattered clouds
47,Kahului,20.8947,-156.47,29.36,71,100,8.94,US,2022-08-11 21:00:31,overcast clouds
48,Thompson,55.7435,-97.8558,27.74,32,1,5.45,CA,2022-08-11 21:00:18,clear sky
49,Longonjo,-12.9067,15.2533,18.0,16,2,1.19,AO,2022-08-11 21:00:32,clear sky
50,Tokonou,9.65,-9.7833,20.76,98,90,2.47,GN,2022-08-11 21:00:32,light rain
51,Vardo,70.3705,31.1107,12.99,76,75,6.69,NO,2022-08-11 21:00:33,broken clouds
52,Albany,42.6001,-73.9662,28.77,52,94,0.45,US,2022-08-11 20:59:18,overcast clouds
53,Safranbolu,41.2508,32.6942,17.08,96,7,0.72,TR,2022-08-11 21:00:33,clear sky
54,Kaitangata,-46.2817,169.8464,1.08,83,11,2.76,NZ,2022-08-11 21:00:34,few clouds
55,Bilma,18.6853,12.9164,35.78,9,26,4.0,NE,2022-08-11 21:00:30,scattered clouds
56,Port Alfred,-33.5906,26.891,16.91,82,89,2.88,ZA,2022-08-11 21:00:34,overcast clouds
57,Great Falls,47.5002,-111.3008,33.7,16,55,5.7,US,2022-08-11 21:00:32,broken clouds
58,Cabedelo,-6.9811,-34.8339,27.37,78,44,3.49,BR,2022-08-11 20:58:38,scattered clouds
59,Hambantota,6.1241,81.1185,25.96,86,100,8.52,LK,2022-08-11 21:00:35,overcast clouds
60,New Norfolk,-42.7826,147.0587,5.95,84,97,0.47,AU,2022-08-11 21:00:36,overcast clouds
61,Vaini,-21.2,-175.2,23.43,64,98,6.77,TO,2022-08-11 21:00:36,overcast clouds
62,Kenitra,34.261,-6.5802,23.42,76,60,2.27,MA,2022-08-11 21:00:37,broken clouds
63,Chuy,-33.6971,-53.4616,11.96,84,6,2.22,UY,2022-08-11 21:00:37,clear sky
64,Yabelo,4.8833,38.0833,15.96,67,100,3.87,ET,2022-08-11 21:00:38,overcast clouds
65,Hasaki,35.7333,140.8333,27.38,83,19,11.14,JP,2022-08-11 21:00:38,few clouds
66,Riohacha,11.5444,-72.9072,30.11,67,59,5.25,CO,2022-08-11 21:00:39,broken clouds
67,Lazaro Cardenas,17.9583,-102.2,29.0,69,100,2.46,MX,2022-08-11 20:59:55,overcast clouds
68,Puerto Ayora,-0.7393,-90.3518,25.98,97,100,3.13,EC,2022-08-11 20:56:01,overcast clouds
69,Ellsworth,44.5434,-68.4195,23.86,79,100,0.45,US,2022-08-11 20:58:33,overcast clouds
70,Sakakah,29.9697,40.2064,34.61,25,0,3.89,SA,2022-08-11 21:00:40,clear sky
71,Broome,42.2506,-75.833,28.72,42,3,3.58,US,2022-08-11 21:00:40,clear sky
72,Salalah,17.0151,54.0924,25.11,89,97,4.43,OM,2022-08-11 21:00:41,overcast clouds
73,College,64.8569,-147.8028,20.0,53,7,1.28,US,2022-08-11 21:00:41,clear sky
74,Pochutla,15.7432,-96.4661,30.45,59,100,3.23,MX,2022-08-11 20:59:45,overcast clouds
75,Saint-Augustin,51.226,-58.6502,17.44,85,100,6.85,CA,2022-08-11 21:00:42,overcast clouds
76,Ust-Kuyga,70.0167,135.6,10.22,78,100,3.21,RU,2022-08-11 21:00:42,overcast clouds
77,Daurala,29.1167,77.6833,26.0,66,7,2.81,IN,2022-08-11 21:00:43,clear sky
78,Qaanaaq,77.484,-69.3632,3.93,72,96,2.77,GL,2022-08-11 21:00:43,overcast clouds
79,La Ronge,55.1001,-105.2842,28.26,33,68,4.18,CA,2022-08-11 21:00:43,broken clouds
80,Nouakchott,18.0858,-15.9785,29.96,81,100,6.55,MR,2022-08-11 21:00:44,overcast clouds
81,Aparecida Do Taboado,-20.0867,-51.0936,19.84,46,0,3.04,BR,2022-08-11 21:00:44,clear sky
82,Yumen,40.2833,97.2,25.46,30,0,7.5,CN,2022-08-11 21:00:45,clear sky
83,Victoria,22.2855,114.1577,27.4,92,100,3.58,HK,2022-08-11 20:58:28,overcast clouds
84,Bengkulu,-3.8004,102.2655,24.51,91,43,1.61,ID,2022-08-11 21:00:46,scattered clouds
85,Norman Wells,65.282,-126.8329,21.68,27,90,1.78,CA,2022-08-11 21:00:46,overcast clouds
86,Fairbanks,64.8378,-147.7164,20.33,51,0,1.54,US,2022-08-11 20:56:54,clear sky
87,Coihaique,-45.5752,-72.0662,4.48,97,99,2.36,CL,2022-08-11 21:00:46,overcast clouds
88,Katherine,-14.4667,132.2667,21.18,64,1,3.09,AU,2022-08-11 20:56:26,clear sky
89,Bata,1.8639,9.7658,24.64,86,100,3.53,GQ,2022-08-11 21:00:47,overcast clouds
90,Port Elizabeth,-33.918,25.5701,14.5,87,100,1.72,ZA,2022-08-11 21:00:15,overcast clouds
91,Punta Arenas,-53.15,-70.9167,3.95,64,76,3.35,CL,2022-08-11 21:00:48,broken clouds
92,Airai,-8.9266,125.4092,13.72,93,55,1.51,TL,2022-08-11 21:01:48,broken clouds
93,Upernavik,72.7868,-56.1549,5.62,79,100,4.46,GL,2022-08-11 21:01:49,overcast clouds
94,Dali,25.7,100.1833,17.43,89,93,1.34,CN,2022-08-11 21:01:49,overcast clouds
95,Cidreira,-30.1811,-50.2056,15.2,85,1,3.22,BR,2022-08-11 20:57:27,clear sky
96,Barrow,71.2906,-156.7887,8.01,93,100,9.26,US,2022-08-11 21:01:50,overcast clouds
97,Iqaluit,63.7506,-68.5145,11.85,62,20,2.57,CA,2022-08-11 20:59:40,few clouds
98,Atkinson,42.8384,-71.147,29.14,61,100,1.34,US,2022-08-11 21:01:50,overcast clouds
99,Aklavik,68.2191,-135.0107,18.69,40,14,4.09,CA,2022-08-11 21:01:51,few clouds
100,Asadabad,34.7824,48.1185,25.82,30,2,2.23,IR,2022-08-11 21:01:51,clear sky
101,Ribeira Grande,38.5167,-28.7,25.22,73,20,5.14,PT,2022-08-11 21:01:51,few clouds
102,Kieta,-6.2167,155.6333,26.55,79,100,0.78,PG,2022-08-11 21:01:52,overcast clouds
103,Ongandjera,-17.8833,15.0667,20.37,13,4,3.21,NA,2022-08-11 21:01:52,clear sky
104,Mahebourg,-20.4081,57.7,20.14,66,85,7.13,MU,2022-08-11 21:01:36,overcast clouds
105,Huarmey,-10.0681,-78.1522,19.72,72,15,4.57,PE,2022-08-11 21:01:53,few clouds
106,Ixtapa,20.7,-105.2,29.24,76,99,2.14,MX,2022-08-11 21:00:17,light rain
107,Vao,-22.6667,167.4833,19.98,58,16,8.36,NC,2022-08-11 21:01:53,few clouds
108,Barcelos,41.5388,-8.6151,20.38,86,0,0.42,PT,2022-08-11 21:01:54,clear sky
109,Virden,39.5009,-89.7679,29.28,65,28,1.16,US,2022-08-11 21:01:54,scattered clouds
110,Vanavara,60.34,102.2797,8.99,95,19,1.3,RU,2022-08-11 21:01:55,few clouds
111,Chumikan,54.7183,135.315,12.38,97,100,2.02,RU,2022-08-11 21:01:55,overcast clouds
112,The Valley,18.217,-63.0578,29.9,76,73,6.62,AI,2022-08-11 21:01:56,broken clouds
113,Mar Del Plata,-38.0023,-57.5575,14.93,67,0,5.81,AR,2022-08-11 21:00:31,clear sky
114,Pevek,69.7008,170.3133,2.51,91,88,2.52,RU,2022-08-11 21:01:56,overcast clouds
115,Westport,41.1415,-73.3579,32.26,57,100,2.68,US,2022-08-11 21:01:56,overcast clouds
116,Hamilton,39.1834,-84.5333,29.56,59,61,0.89,US,2022-08-11 21:01:12,broken clouds
117,Sao Joao Da Barra,-21.6403,-41.0511,21.61,60,99,12.67,BR,2022-08-11 21:01:57,overcast clouds
118,East London,-33.0153,27.9116,17.81,82,97,2.37,ZA,2022-08-11 21:00:34,overcast clouds
119,Baykit,61.67,96.37,7.23,88,16,1.66,RU,2022-08-11 21:01:57,few clouds
120,Moron,-34.6534,-58.6198,17.22,54,0,2.55,AR,2022-08-11 21:01:58,clear sky
121,Launceston,-41.45,147.1667,8.97,94,75,2.57,AU,2022-08-11 21:01:58,broken clouds
122,Ilulissat,69.2167,-51.1,5.01,87,75,1.54,GL,2022-08-11 21:01:59,broken clouds
123,Bredasdorp,-34.5322,20.0403,12.19,82,100,2.66,ZA,2022-08-11 21:01:59,overcast clouds
124,Hami,42.8,93.45,29.96,29,41,6.4,CN,2022-08-11 21:02:00,scattered clouds
125,Segou,13.4317,-6.2157,27.68,70,95,3.23,ML,2022-08-11 21:02:00,light rain
126,Ukiah,39.1502,-123.2078,34.13,36,0,2.57,US,2022-08-11 21:02:01,clear sky
127,Lompoc,34.6391,-120.4579,26.03,70,75,6.69,US,2022-08-11 21:02:01,broken clouds
128,San Patricio,28.017,-97.5169,36.77,42,100,2.94,US,2022-08-11 21:02:01,overcast clouds
129,Puerto Ayacucho,5.6639,-67.6236,29.07,75,99,0.44,VE,2022-08-11 21:02:02,overcast clouds
130,Morehead,37.2711,-87.1764,29.36,64,75,2.06,US,2022-08-11 21:02:02,broken clouds
131,Griffith,41.5284,-87.4237,26.17,56,0,5.66,US,2022-08-11 21:02:03,clear sky
132,Wanning,18.8003,110.3967,26.23,89,100,1.25,CN,2022-08-11 21:02:03,overcast clouds
133,Klaksvik,62.2266,-6.589,11.51,83,100,4.99,FO,2022-08-11 21:02:03,overcast clouds
134,Erenhot,43.6475,111.9767,21.56,48,81,6.16,CN,2022-08-11 21:02:04,broken clouds
135,Kashi,39.4547,75.9797,26.76,40,62,1.8,CN,2022-08-11 21:03:04,broken clouds
136,Zhigansk,66.7697,123.3711,9.2,75,31,9.9,RU,2022-08-11 21:03:05,scattered clouds
137,Aitape,-3.1374,142.3475,24.82,86,83,1.63,PG,2022-08-11 21:03:05,broken clouds
138,Carauari,-4.8828,-66.8958,32.88,42,79,0.96,BR,2022-08-11 21:03:06,broken clouds
139,Lixourion,38.2019,20.4314,26.23,69,8,2.12,GR,2022-08-11 21:03:06,clear sky
140,Mount Isa,-20.7333,139.5,16.87,36,96,1.54,AU,2022-08-11 21:03:06,overcast clouds
141,Tambacounda,13.7539,-13.7586,26.04,89,95,3.56,SN,2022-08-11 21:03:07,light rain
142,Bluff,-46.6,168.3333,4.18,83,99,4.56,NZ,2022-08-11 21:00:34,overcast clouds
143,Lavrentiya,65.5833,-171.0,6.69,90,79,2.7,RU,2022-08-11 21:03:07,broken clouds
144,Dahod,22.8333,74.2667,24.24,94,100,6.99,IN,2022-08-11 21:03:08,overcast clouds
145,Waingapu,-9.6567,120.2641,24.39,88,24,4.18,ID,2022-08-11 21:03:08,few clouds
146,Wasilla,61.5814,-149.4394,19.05,67,97,1.79,US,2022-08-11 20:58:24,overcast clouds
147,San Pedro,14.35,121.0167,25.2,89,87,0.87,PH,2022-08-11 21:03:09,overcast clouds
148,Cherskiy,68.75,161.3,14.88,62,97,3.81,RU,2022-08-11 21:03:09,overcast clouds
149,Nanning,22.8167,108.3167,24.09,94,42,1.7,CN,2022-08-11 21:03:10,scattered clouds
150,Fortuna,40.5982,-124.1573,22.18,73,75,4.12,US,2022-08-11 21:01:43,broken clouds
151,Batagay-Alyta,67.8006,130.4114,9.9,79,100,2.92,RU,2022-08-11 21:03:10,overcast clouds
152,Guerrero Negro,27.9769,-114.0611,28.37,46,1,7.03,MX,2022-08-11 21:03:11,clear sky
153,Luanda,-8.8368,13.2343,19.43,92,38,3.51,AO,2022-08-11 21:03:11,scattered clouds
154,Mitsamiouli,-11.3847,43.2844,23.86,73,1,2.5,KM,2022-08-11 21:03:12,clear sky
155,Owensboro,37.7742,-87.1133,30.55,54,0,3.31,US,2022-08-11 21:00:07,clear sky
156,Butaritari,3.0707,172.7902,27.76,74,99,5.79,KI,2022-08-11 21:03:12,overcast clouds
157,Lunino,53.5918,45.2271,16.68,91,4,1.7,RU,2022-08-11 21:03:13,clear sky
158,Labuan,5.2767,115.2417,27.63,79,51,3.7,MY,2022-08-11 21:03:13,broken clouds
159,Chateauroux,46.8167,1.7,22.0,37,0,4.12,FR,2022-08-11 21:03:14,clear sky
160,Baoqing,46.3317,132.2111,14.92,92,25,1.51,CN,2022-08-11 21:03:14,scattered clouds
161,Azangaro,-14.9167,-70.2167,15.84,17,12,4.68,PE,2022-08-11 21:03:15,few clouds
162,Orel,52.9658,36.0803,17.46,74,6,4.02,RU,2022-08-11 21:03:15,clear sky
163,Sernovodsk,43.3117,45.1594,24.31,64,0,1.74,RU,2022-08-11 21:03:16,clear sky
164,Pechora,65.1472,57.2244,10.85,75,72,3.48,RU,2022-08-11 21:03:16,broken clouds
165,Coquimbo,-29.9533,-71.3436,13.44,80,100,2.13,CL,2022-08-11 21:03:16,overcast clouds
166,Sept-Iles,50.2001,-66.3821,18.92,83,96,0.89,CA,2022-08-11 21:02:04,overcast clouds
167,Carnarvon,-24.8667,113.6333,15.16,34,0,6.83,AU,2022-08-11 21:03:17,clear sky
168,Neuquen,-38.9516,-68.0591,14.36,38,100,1.24,AR,2022-08-11 21:03:17,overcast clouds
169,Sumbawanga,-7.9667,31.6167,14.76,45,15,2.05,TZ,2022-08-11 21:03:18,few clouds
170,Pangnirtung,66.1451,-65.7125,12.28,59,12,1.49,CA,2022-08-11 21:03:18,few clouds
171,Puerto Escondido,15.85,-97.0667,29.52,68,100,2.48,MX,2022-08-11 21:03:19,overcast clouds
172,Jamestown,42.097,-79.2353,25.01,45,20,4.63,US,2022-08-11 21:03:19,few clouds
173,Ahipara,-35.1667,173.1667,10.79,77,34,3.24,NZ,2022-08-11 21:03:19,scattered clouds
174,Saint-Philippe,-21.3585,55.7679,18.77,70,35,5.56,RE,2022-08-11 21:03:20,scattered clouds
175,Dolny Kubin,49.2098,19.3034,13.06,98,69,1.83,SK,2022-08-11 21:04:20,broken clouds
176,Ponta Do Sol,32.6667,-17.1,22.78,74,61,1.44,PT,2022-08-11 21:04:21,broken clouds
177,Codrington,-38.2667,141.9667,7.74,92,100,1.95,AU,2022-08-11 21:04:21,overcast clouds
178,Constitucion,-35.3333,-72.4167,11.94,69,0,3.21,CL,2022-08-11 21:04:22,clear sky
179,Ferme-Neuve,46.7001,-75.4493,20.03,49,24,5.21,CA,2022-08-11 21:04:22,few clouds
180,Sitka,57.0531,-135.33,17.94,77,75,1.54,US,2022-08-11 21:04:22,broken clouds
181,Itarema,-2.9248,-39.9167,25.68,81,91,7.1,BR,2022-08-11 21:04:23,overcast clouds
182,Fatima,39.6207,-8.6524,18.72,79,0,2.29,PT,2022-08-11 21:01:05,clear sky
183,Belaya Gora,68.5333,146.4167,14.71,65,75,6.92,RU,2022-08-11 21:04:23,broken clouds
184,Altamira,-3.2033,-52.2064,30.44,52,85,1.26,BR,2022-08-11 21:02:20,overcast clouds
185,Humaita,-7.5061,-63.0208,33.05,39,57,0.75,BR,2022-08-11 21:04:24,broken clouds
186,Fort Nelson,58.8053,-122.7002,19.83,51,68,1.35,CA,2022-08-11 21:02:23,broken clouds
187,Shakiso,5.75,38.9167,14.54,96,99,0.41,ET,2022-08-11 21:04:24,overcast clouds
188,Oshkosh,44.0247,-88.5426,24.99,53,3,0.89,US,2022-08-11 20:59:36,clear sky
189,Chokurdakh,70.6333,147.9167,9.39,72,100,3.82,RU,2022-08-11 21:04:25,overcast clouds
190,Lingyuan,41.24,119.4011,19.8,91,89,1.36,CN,2022-08-11 21:04:25,overcast clouds
191,Nioro,13.35,-15.75,26.35,80,89,3.58,GM,2022-08-11 21:04:26,overcast clouds
192,Harbour Breton,47.4833,-55.7983,15.99,82,100,3.39,CA,2022-08-11 21:04:26,overcast clouds
193,Turgenevo,54.8455,46.3297,15.49,87,8,1.18,RU,2022-08-11 21:04:26,clear sky
194,Tim,51.6222,37.1244,20.5,73,5,5.47,RU,2022-08-11 21:04:27,clear sky
195,Cape Town,-33.9258,18.4232,15.21,76,100,3.13,ZA,2022-08-11 21:04:27,overcast clouds
196,Mantena,-18.7817,-40.9803,22.47,35,99,1.61,BR,2022-08-11 21:04:28,overcast clouds
197,Khandyga,62.6667,135.6,14.02,90,98,0.9,RU,2022-08-11 21:04:28,overcast clouds
198,Sakaiminato,35.55,133.2333,26.14,84,100,3.37,JP,2022-08-11 21:04:28,overcast clouds
199,Robertsport,6.7533,-11.3686,25.24,84,91,6.05,LR,2022-08-11 21:04:29,light rain
200,Lufilufi,-13.8745,-171.5986,26.88,81,23,7.06,WS,2022-08-11 21:04:29,light rain
201,Ipixuna,-1.7625,-48.8043,28.33,68,57,2.96,BR,2022-08-11 21:04:30,broken clouds
202,Tecoanapa,16.5167,-98.75,29.03,63,100,4.01,MX,2022-08-11 21:04:30,overcast clouds
203,Port Hardy,50.6996,-127.4199,16.55,90,71,2.17,CA,2022-08-11 21:04:30,broken clouds
204,Half Moon Bay,37.4636,-122.4286,29.19,64,20,8.75,US,2022-08-11 21:04:31,few clouds
205,Tahe,52.3333,124.7333,10.36,97,86,1.43,CN,2022-08-11 21:04:31,overcast clouds
206,Kirkenes,69.7271,30.0458,13.53,71,75,7.72,NO,2022-08-11 21:04:32,light rain
207,Abbeville,50.1,1.8333,24.98,40,1,5.27,FR,2022-08-11 21:04:32,clear sky
208,Barra Velha,-26.6322,-48.6847,17.95,91,82,2.34,BR,2022-08-11 21:04:32,broken clouds
209,Tangshan,39.6333,118.1833,21.8,94,44,0.59,CN,2022-08-11 21:02:13,scattered clouds
210,Oussouye,12.485,-16.5469,26.97,79,100,3.74,SN,2022-08-11 21:04:33,overcast clouds
211,Yarmouth,41.7057,-70.2286,23.88,92,75,2.06,US,2022-08-11 21:04:33,broken clouds
212,Parkes,-33.1333,148.1833,11.86,79,100,0.45,AU,2022-08-11 21:04:34,overcast clouds
213,Madras,13.0878,80.2785,29.99,80,40,4.12,IN,2022-08-11 21:04:34,scattered clouds
214,Chernyshevskiy,63.0128,112.4714,12.35,93,58,1.33,RU,2022-08-11 21:04:35,broken clouds
215,Naze,28.3667,129.4833,26.27,82,100,2.58,JP,2022-08-11 21:04:35,overcast clouds
216,Rosarito,32.3333,-117.0333,35.78,54,2,6.51,MX,2022-08-11 21:04:35,clear sky
217,San Quintin,30.4833,-115.95,25.26,68,100,5.17,MX,2022-08-11 21:04:36,overcast clouds
218,Simao,22.7886,100.9748,19.35,99,100,1.51,CN,2022-08-11 21:03:44,overcast clouds
219,San Cristobal,7.7669,-72.225,27.98,49,77,3.39,VE,2022-08-11 21:02:41,broken clouds
220,Bathsheba,13.2167,-59.5167,28.16,77,10,5.58,BB,2022-08-11 21:01:11,clear sky
221,Dunedin,-45.8742,170.5036,4.33,73,3,2.23,NZ,2022-08-11 20:59:42,clear sky
222,Christchurch,-43.5333,172.6333,1.06,92,7,1.03,NZ,2022-08-11 21:03:28,clear sky
223,Sterling,39.0062,-77.4286,31.59,50,20,4.47,US,2022-08-11 21:05:37,few clouds
224,Nerchinskiy Zavod,51.3088,119.61,12.69,92,99,0.9,RU,2022-08-11 21:05:37,overcast clouds
225,Sembe,1.6481,14.5806,22.36,87,99,1.13,CG,2022-08-11 21:05:38,overcast clouds
226,Esperance,-33.8667,121.9,11.34,73,88,3.76,AU,2022-08-11 21:05:38,overcast clouds
227,Paamiut,61.994,-49.6678,6.36,92,26,3.46,GL,2022-08-11 21:05:39,scattered clouds
228,Lodja,-3.4833,23.4333,25.2,29,100,0.85,CD,2022-08-11 21:05:39,overcast clouds
229,Hithadhoo,-0.6,73.0833,27.54,75,5,3.12,MV,2022-08-11 21:05:39,moderate rain
230,Beaupre,47.0443,-70.8953,24.27,81,31,4.34,CA,2022-08-11 21:05:40,scattered clouds
231,Kalianget,-7.05,113.9333,26.93,81,52,4.98,ID,2022-08-11 21:05:40,broken clouds
232,Yangambi,0.8102,24.4336,23.06,86,92,1.4,CD,2022-08-11 21:05:41,overcast clouds
233,Saskylakh,71.9167,114.0833,6.21,71,100,2.92,RU,2022-08-11 21:05:41,overcast clouds
234,Leningradskiy,69.3833,178.4167,9.42,77,98,0.94,RU,2022-08-11 21:05:41,overcast clouds
235,Minot,48.2325,-101.2963,23.12,56,0,6.17,US,2022-08-11 21:05:42,clear sky
236,Bambous Virieux,-20.3428,57.7575,20.12,65,93,7.17,MU,2022-08-11 21:05:42,overcast clouds
237,Palauig,15.435,119.9045,26.62,79,82,1.11,PH,2022-08-11 21:05:42,broken clouds
238,Hamada,34.8833,132.0833,25.42,87,100,2.07,JP,2022-08-11 21:05:43,overcast clouds
239,Boa Vista,2.8197,-60.6733,29.99,51,40,2.06,BR,2022-08-11 21:05:43,scattered clouds
240,Mansa,29.9833,75.3833,26.58,65,97,2.66,IN,2022-08-11 21:05:44,overcast clouds
241,Rome,34.257,-85.1647,31.38,69,40,2.57,US,2022-08-11 21:03:26,scattered clouds
242,Kiunga,-6.1219,141.2906,22.78,99,100,1.22,PG,2022-08-11 21:05:44,overcast clouds
243,Dikson,73.5069,80.5464,6.86,95,100,9.24,RU,2022-08-11 21:05:45,overcast clouds
244,Seoul,37.5683,126.9778,22.66,92,4,0.46,KR,2022-08-11 21:02:12,clear sky
245,Ballina,-28.8667,153.5667,13.34,99,100,2.37,AU,2022-08-11 21:05:45,overcast clouds
246,Moerai,-22.4333,-151.3333,22.52,76,0,3.01,PF,2022-08-11 21:05:46,clear sky
247,Krasnoselkup,65.7,82.4667,8.41,75,97,2.01,RU,2022-08-11 21:05:46,overcast clouds
248,Bakel,14.905,-12.4568,29.83,67,97,4.54,SN,2022-08-11 21:05:47,light rain
249,Lorengau,-2.0226,147.2712,26.48,81,65,2.35,PG,2022-08-11 21:05:47,broken clouds
250,Ucluelet,48.9329,-125.5528,19.49,82,2,2.94,CA,2022-08-11 21:05:47,clear sky
251,Lahat,-3.8,103.5333,23.24,89,83,0.84,ID,2022-08-11 21:05:48,broken clouds
252,Preobrazheniye,42.9019,133.9064,19.44,82,33,3.09,RU,2022-08-11 21:05:48,scattered clouds
253,Havre-Saint-Pierre,50.2334,-63.5986,18.49,77,75,2.6,CA,2022-08-11 21:05:49,broken clouds
254,Olinda,-8.0089,-34.8553,25.85,73,0,2.57,BR,2022-08-11 21:05:49,clear sky
255,Tocopilla,-22.092,-70.1979,16.99,67,23,2.63,CL,2022-08-11 21:05:49,few clouds
256,Hobyo,5.3505,48.5268,24.44,81,48,11.86,SO,2022-08-11 21:05:50,scattered clouds
257,Taiyuan,37.8694,112.5603,22.92,88,16,1.0,CN,2022-08-11 21:05:50,mist
258,Norfolk,42.1668,-71.2495,29.01,66,20,3.6,US,2022-08-11 21:05:51,few clouds
259,Liusha,27.2098,108.59,20.46,97,96,1.62,CN,2022-08-11 21:05:51,overcast clouds
260,Ust-Omchug,61.15,149.6333,12.52,86,98,1.55,RU,2022-08-11 21:05:51,overcast clouds
261,Nacala,-14.5428,40.6728,20.96,77,0,1.82,MZ,2022-08-11 21:05:52,clear sky
262,Ishigaki,24.3448,124.1572,29.58,68,41,1.39,JP,2022-08-11 21:05:52,scattered clouds
263,Te Anau,-45.4167,167.7167,0.06,87,26,0.52,NZ,2022-08-11 21:05:52,scattered clouds
264,Murgab,37.4966,61.9714,24.08,28,0,4.34,TM,2022-08-11 21:05:53,clear sky
265,Port Blair,11.6667,92.75,27.36,82,100,6.4,IN,2022-08-11 21:05:53,overcast clouds
266,Bud,39.447,-86.1758,29.71,80,65,3.85,US,2022-08-11 21:05:54,broken clouds
267,Namibe,-15.1961,12.1522,16.66,89,57,3.78,AO,2022-08-11 21:06:54,broken clouds
268,Tancitaro,19.3333,-102.3667,20.01,77,100,0.66,MX,2022-08-11 21:06:54,overcast clouds
269,Matara,5.9485,80.5353,25.2,91,86,3.64,LK,2022-08-11 21:06:55,overcast clouds
270,Carutapera,-1.195,-46.02,26.16,78,78,4.44,BR,2022-08-11 21:06:55,broken clouds
271,Omsukchan,62.5333,155.8,12.03,87,100,2.13,RU,2022-08-11 21:06:56,overcast clouds
272,Rawah,34.4816,41.9093,31.81,24,0,4.18,IQ,2022-08-11 21:06:56,clear sky
273,Dongying,37.4564,118.4856,23.55,95,10,2.18,CN,2022-08-11 21:06:56,clear sky
274,Floro,61.5996,5.0328,16.24,95,75,5.14,NO,2022-08-11 21:06:57,broken clouds
275,Myingyan,21.4667,95.3833,27.18,74,87,3.6,MM,2022-08-11 21:06:57,heavy intensity rain
276,Robstown,27.7903,-97.6689,37.19,45,0,3.6,US,2022-08-11 21:06:58,clear sky
277,Khatanga,71.9667,102.5,7.02,67,100,2.92,RU,2022-08-11 21:06:58,overcast clouds
278,Belyy Yar,53.6039,91.3903,14.92,83,0,0.0,RU,2022-08-11 21:06:58,clear sky
279,Mount Gambier,-37.8333,140.7667,7.95,100,100,3.09,AU,2022-08-11 21:06:59,light rain
280,Yenagoa,4.9247,6.2642,23.35,95,100,1.33,NG,2022-08-11 21:06:23,overcast clouds
281,Andenes,69.3143,16.1194,9.99,87,75,12.86,NO,2022-08-11 21:06:59,broken clouds
282,Hohoe,7.1518,0.4736,24.23,80,100,1.47,GH,2022-08-11 21:07:00,overcast clouds
283,Ostersund,63.1792,14.6357,13.12,100,100,0.0,SE,2022-08-11 21:07:00,overcast clouds
284,Faanui,-16.4833,-151.75,25.68,75,12,6.47,PF,2022-08-11 21:07:00,light rain
285,Thoen,17.6129,99.2161,23.41,99,100,1.05,TH,2022-08-11 21:07:01,heavy intensity rain
286,Hovd,48.0056,91.6419,17.25,52,4,1.09,MN,2022-08-11 21:07:01,clear sky
287,Port Augusta,-32.5,137.7667,8.13,94,42,1.75,AU,2022-08-11 21:07:01,scattered clouds
288,Peruibe,-24.32,-46.9983,16.68,89,93,1.86,BR,2022-08-11 21:07:02,overcast clouds
289,Souillac,-20.5167,57.5167,19.88,70,63,6.59,MU,2022-08-11 21:07:02,broken clouds
290,Fort Myers Beach,26.452,-81.9481,33.36,67,100,6.69,US,2022-08-11 21:02:32,thunderstorm with heavy rain
291,Matiri,-10.75,34.9,14.25,50,0,1.47,TZ,2022-08-11 21:07:03,clear sky
292,Xuddur,4.1213,43.8894,21.9,62,81,8.78,SO,2022-08-11 21:07:03,broken clouds
293,Margate,51.3813,1.3862,20.94,83,0,1.79,GB,2022-08-11 21:07:04,clear sky
294,Beyneu,45.3167,55.2,29.28,21,0,2.68,KZ,2022-08-11 21:07:04,clear sky
295,Soe,-9.8607,124.284,18.39,94,60,2.21,ID,2022-08-11 21:07:05,broken clouds
296,Port Said,31.2565,32.2841,27.33,66,0,2.63,EG,2022-08-11 21:07:05,clear sky
297,Abrau-Dyurso,44.69,37.59,22.49,90,43,2.58,RU,2022-08-11 21:07:06,scattered clouds
298,Geraldton,-28.7667,114.6,10.23,76,0,6.17,AU,2022-08-11 21:07:06,clear sky
299,Salmas,38.1973,44.7653,23.38,47,0,2.24,IR,2022-08-11 21:07:06,clear sky
300,Ahuimanu,21.4447,-157.8378,30.84,71,75,6.69,US,2022-08-11 21:05:11,light rain
301,Mugumu,-1.85,34.7,20.35,50,97,2.62,TZ,2022-08-11 21:07:07,overcast clouds
302,Beringovskiy,63.05,179.3167,11.72,83,100,6.28,RU,2022-08-11 21:07:07,overcast clouds
303,Craigieburn,-37.6,144.95,10.41,86,75,6.69,AU,2022-08-11 21:05:17,broken clouds
304,Puro,12.4841,123.3827,26.27,81,100,0.36,PH,2022-08-11 21:07:08,overcast clouds
305,Gat,31.61,34.7642,27.12,100,0,2.49,IL,2022-08-11 21:07:08,clear sky
306,Cuamba,-14.8031,36.5372,20.62,43,51,1.23,MZ,2022-08-11 21:07:09,broken clouds
307,Aksu,41.1231,80.2644,27.34,36,98,3.78,CN,2022-08-11 21:07:09,overcast clouds
308,Dickinson,29.4608,-95.0513,35.09,63,40,3.09,US,2022-08-11 21:07:10,scattered clouds
309,Yellowknife,62.456,-114.3525,17.04,38,33,5.47,CA,2022-08-11 21:07:10,scattered clouds
310,Sarangani,5.4033,125.4636,27.63,74,38,1.18,PH,2022-08-11 21:07:11,scattered clouds
311,Palmerston,-12.486,130.9833,22.99,94,20,2.06,AU,2022-08-11 21:07:11,few clouds
312,Buraydah,26.326,43.975,35.91,18,11,4.83,SA,2022-08-11 21:07:11,few clouds
313,Barreirinhas,-2.7469,-42.8264,26.07,75,67,4.77,BR,2022-08-11 21:08:12,broken clouds
314,Yanam,16.7333,82.2167,25.94,89,100,2.15,IN,2022-08-11 21:08:12,overcast clouds
315,Zhezkazgan,47.8043,67.7144,21.34,53,0,3.61,KZ,2022-08-11 21:08:13,clear sky
316,Buriti Bravo,-5.8372,-43.8336,31.15,32,29,1.22,BR,2022-08-11 21:08:13,scattered clouds
317,Gillette,44.2911,-105.5022,37.28,24,0,3.6,US,2022-08-11 21:08:14,clear sky
318,Portland,45.5234,-122.6762,30.91,46,0,3.6,US,2022-08-11 21:03:22,clear sky
319,Mbeya,-8.9,33.45,12.1,70,89,2.89,TZ,2022-08-11 21:08:14,overcast clouds
320,Saint-Paul,-21.0096,55.2707,21.31,70,36,2.54,RE,2022-08-11 21:08:15,scattered clouds
321,Alofi,-19.0595,-169.9187,26.94,74,40,5.14,NU,2022-08-11 21:08:15,scattered clouds
322,Rawson,-43.3002,-65.1023,14.4,39,9,3.48,AR,2022-08-11 21:03:22,clear sky
323,Hopkinton,41.4612,-71.7776,28.47,83,20,3.6,US,2022-08-11 21:08:16,few clouds
324,Mnogovershinnyy,53.9353,139.9242,11.89,99,100,0.9,RU,2022-08-11 21:08:16,overcast clouds
325,Jobat,22.4167,74.5667,24.46,93,99,4.07,IN,2022-08-11 21:08:17,overcast clouds
326,Iranshahr,27.2025,60.6848,33.65,12,73,2.67,IR,2022-08-11 21:08:17,broken clouds
327,Maarianhamina,60.0973,19.9348,14.92,100,31,0.0,AX,2022-08-11 21:08:17,scattered clouds
328,Claveria,18.6074,121.0832,26.17,83,94,1.48,PH,2022-08-11 21:08:18,overcast clouds
329,Sangar,63.9242,127.4739,13.32,93,36,0.89,RU,2022-08-11 21:08:18,scattered clouds
330,Nurota,40.5614,65.6886,22.69,29,0,5.46,UZ,2022-08-11 21:08:19,clear sky
331,Port Hedland,-20.3167,118.5667,19.03,34,100,5.66,AU,2022-08-11 21:08:19,overcast clouds
332,Pedasi,7.5333,-80.0333,26.15,86,100,4.84,PA,2022-08-11 21:08:20,overcast clouds
333,Makakilo City,21.3469,-158.0858,30.18,57,75,6.69,US,2022-08-11 21:08:20,broken clouds
334,Kupino,54.3663,77.2981,17.44,85,46,4.2,RU,2022-08-11 21:08:20,scattered clouds
335,Kochi,9.9399,76.2602,26.12,86,100,2.9,IN,2022-08-11 21:08:21,overcast clouds
336,Lagoa,39.05,-27.9833,23.19,82,98,6.02,PT,2022-08-11 21:08:21,light rain
337,Jambusar,22.05,72.8,26.91,86,90,8.58,IN,2022-08-11 21:08:22,overcast clouds
338,Bria,6.5423,21.9863,21.2,98,100,1.9,CF,2022-08-11 21:08:22,light rain
339,Natal,-5.795,-35.2094,25.36,88,20,3.6,BR,2022-08-11 21:07:59,few clouds
340,Ranong,9.9658,98.6348,25.77,87,95,4.08,TH,2022-08-11 21:08:22,overcast clouds
341,Ajdabiya,30.7554,20.2263,26.89,67,0,5.13,LY,2022-08-11 21:08:23,clear sky
342,Kaeo,-35.1,173.7833,9.07,86,0,2.41,NZ,2022-08-11 21:08:23,clear sky
343,Bubaque,11.2833,-15.8333,26.99,81,100,6.58,GW,2022-08-11 21:08:24,light rain
344,Kimbe,-5.5502,150.1429,24.0,96,99,1.57,PG,2022-08-11 21:08:24,moderate rain
345,Coahuayana,18.7333,-103.6833,30.89,68,99,3.41,MX,2022-08-11 21:08:24,overcast clouds
346,Kindia,10.0569,-12.8658,21.09,98,97,0.61,GN,2022-08-11 21:08:25,overcast clouds
347,Broken Hill,-31.95,141.4333,7.68,50,18,6.03,AU,2022-08-11 21:08:25,few clouds
348,Lasa,46.6166,10.7002,17.24,85,99,1.43,IT,2022-08-11 21:08:26,overcast clouds
349,Mehamn,71.0357,27.8492,11.95,93,75,11.83,NO,2022-08-11 21:08:26,light rain
350,Birobidzhan,48.8,132.95,14.76,91,99,1.33,RU,2022-08-11 21:08:26,overcast clouds
351,Yimnon,38.4333,23.8833,27.6,44,1,3.11,GR,2022-08-11 21:08:27,clear sky
352,Gamba,-2.65,10.0,21.62,85,40,3.1,GA,2022-08-11 21:08:27,scattered clouds
353,Tiznit,29.5833,-9.5,22.72,65,10,0.56,MA,2022-08-11 21:08:28,clear sky
354,Totma,59.9747,42.7642,14.88,74,100,3.58,RU,2022-08-11 21:08:28,overcast clouds
355,Dubbo,-32.25,148.6167,11.07,93,75,3.6,AU,2022-08-11 21:08:28,light rain
356,Avera,33.194,-82.5271,30.31,53,99,2.52,US,2022-08-11 21:08:29,overcast clouds
357,Gigmoto,13.7796,124.39,26.72,83,100,0.88,PH,2022-08-11 21:08:29,overcast clouds
358,Mayor Pablo Lagerenza,-19.9309,-60.7718,24.61,23,0,3.1,PY,2022-08-11 21:08:29,clear sky
359,Tadepallegudem,16.8333,81.5,25.21,92,100,2.34,IN,2022-08-11 21:08:30,overcast clouds
360,Khash,28.2211,61.2158,23.81,19,4,1.79,IR,2022-08-11 21:09:30,clear sky
361,Koungou,-12.7336,45.2042,20.84,88,0,1.03,YT,2022-08-11 21:09:30,clear sky
362,Partyzany,46.3314,34.7503,24.69,46,90,3.52,UA,2022-08-11 21:09:31,overcast clouds
363,Honningsvag,70.9821,25.9704,10.86,87,100,16.98,NO,2022-08-11 21:09:31,moderate rain
364,Rincon,32.296,-81.2354,32.14,48,100,2.28,US,2022-08-11 21:09:32,light rain
365,Vredendal,-31.6683,18.5012,11.39,95,90,2.06,ZA,2022-08-11 21:09:32,overcast clouds
366,Carahue,-38.7,-73.1667,11.08,83,100,0.97,CL,2022-08-11 21:09:32,light rain
367,Buluang,13.3068,123.3425,24.54,91,59,1.11,PH,2022-08-11 21:09:33,broken clouds
368,Yerbogachen,61.2767,108.0108,11.64,99,90,1.89,RU,2022-08-11 21:09:33,overcast clouds
369,Ararat,39.8317,44.7049,25.19,51,0,3.36,AM,2022-08-11 21:09:33,clear sky
370,Cartagena,10.3997,-75.5144,30.79,70,75,4.12,CO,2022-08-11 21:08:21,broken clouds
371,Vila,42.0304,-8.1588,16.5,75,0,0.77,PT,2022-08-11 21:09:34,clear sky
372,Kloulklubed,7.0419,134.2556,27.76,71,100,1.63,PW,2022-08-11 21:09:34,overcast clouds
373,Fatehpur,25.9333,80.8,27.64,75,46,5.6,IN,2022-08-11 21:09:35,scattered clouds
374,Tabou,4.423,-7.3528,24.69,78,100,4.25,CI,2022-08-11 21:09:35,overcast clouds
375,Teguldet,57.3064,88.1667,9.46,76,1,2.41,RU,2022-08-11 21:09:36,clear sky
376,Maniitsoq,65.4167,-52.9,6.6,83,99,4.0,GL,2022-08-11 21:09:36,overcast clouds
377,Grindavik,63.8424,-22.4338,10.26,87,100,6.69,IS,2022-08-11 21:09:36,overcast clouds
378,Beatrice,40.2681,-96.747,33.05,33,0,3.6,US,2022-08-11 21:09:37,clear sky
379,Ulaanbaatar,47.9077,106.8832,9.07,87,40,1.0,MN,2022-08-11 21:09:37,scattered clouds
380,Tanete,-3.9443,119.7848,23.28,97,99,1.21,ID,2022-08-11 21:09:37,overcast clouds
381,San Policarpo,12.1791,125.5072,25.73,87,91,1.72,PH,2022-08-11 21:09:38,overcast clouds
382,Kiama,-34.6833,150.8667,13.65,79,100,2.24,AU,2022-08-11 21:09:38,overcast clouds
383,Harper,4.375,-7.7169,24.63,78,99,4.65,LR,2022-08-11 21:09:38,overcast clouds
384,Chantada,42.6088,-7.7712,18.49,92,0,1.16,ES,2022-08-11 21:09:39,clear sky
385,Beaverlodge,55.2166,-119.4361,24.0,42,82,3.37,CA,2022-08-11 21:09:39,broken clouds
386,Longyearbyen,78.2186,15.6401,7.91,76,75,4.12,SJ,2022-08-11 21:09:40,broken clouds
387,Agirish,61.9247,63.0231,13.26,98,98,2.83,RU,2022-08-11 21:09:40,light rain
388,Jumla,29.2747,82.1838,15.07,90,48,1.43,NP,2022-08-11 21:09:40,scattered clouds
389,Eureka,40.8021,-124.1637,22.33,75,15,3.58,US,2022-08-11 21:09:41,few clouds
390,Northam,51.0333,-4.2167,21.33,71,5,1.22,GB,2022-08-11 21:09:41,clear sky
391,Nieuw Amsterdam,5.8833,-55.0833,30.01,78,40,0.0,SR,2022-08-11 21:09:42,light rain
392,Makokou,0.5738,12.8642,22.24,77,76,1.35,GA,2022-08-11 21:09:42,broken clouds
393,Kamaishi,39.2667,141.8833,24.15,95,100,3.71,JP,2022-08-11 21:09:42,overcast clouds
394,Inhambane,-23.865,35.3833,20.53,77,0,4.01,MZ,2022-08-11 21:09:43,clear sky
395,La Rioja,42.25,-2.5,20.88,48,31,3.4,ES,2022-08-11 21:09:43,scattered clouds
396,Morondava,-20.2833,44.2833,20.86,83,0,3.9,MG,2022-08-11 21:09:44,clear sky
397,Uyuni,-20.4597,-66.825,11.47,12,0,3.56,BO,2022-08-11 21:09:44,clear sky
398,Yatou,37.15,122.3833,22.01,90,21,1.31,CN,2022-08-11 21:09:46,few clouds
399,Comodoro Rivadavia,-45.8667,-67.5,13.92,38,0,4.63,AR,2022-08-11 21:09:11,clear sky
400,Awbari,26.5921,12.7805,30.63,16,0,2.64,LY,2022-08-11 21:09:46,clear sky
401,Clyde River,70.4692,-68.5914,10.22,64,86,3.22,CA,2022-08-11 21:09:46,overcast clouds
402,Kununurra,-15.7667,128.7333,21.99,40,7,3.6,AU,2022-08-11 21:09:47,clear sky
403,Natitingou,10.3042,1.3796,22.41,92,99,0.71,BJ,2022-08-11 21:09:47,light rain
404,Ikwiriri,-7.9562,38.9716,19.89,91,7,1.28,TZ,2022-08-11 21:09:48,clear sky
405,Varna,43.2167,27.9167,23.08,71,49,5.66,BG,2022-08-11 21:09:05,scattered clouds
406,Duki,30.1541,68.5728,28.13,57,74,2.11,PK,2022-08-11 21:09:48,broken clouds
407,Bad Wurzach,47.9,9.9,20.35,65,62,3.78,DE,2022-08-11 21:09:48,broken clouds
408,Shimoda,34.6667,138.95,25.06,88,100,5.66,JP,2022-08-11 21:09:49,overcast clouds
409,Kurilsk,45.2333,147.8833,18.24,97,100,2.31,RU,2022-08-11 21:10:49,light rain
410,Marfino,55.7028,37.3822,18.14,59,0,1.0,RU,2022-08-11 21:10:50,clear sky
411,Petrivka,46.9695,30.9591,23.37,53,88,4.17,UA,2022-08-11 21:10:16,overcast clouds
412,Aksarka,66.5606,67.7975,13.37,88,100,5.37,RU,2022-08-11 21:10:50,overcast clouds
413,Ancud,-41.8697,-73.8203,9.27,91,100,8.65,CL,2022-08-11 21:10:51,moderate rain
414,Lebu,-37.6167,-73.65,11.07,84,100,1.88,CL,2022-08-11 21:10:51,overcast clouds
415,Garchitorena,13.8804,123.6946,26.34,82,98,0.4,PH,2022-08-11 21:10:51,overcast clouds
416,Santa Rosa,14.3122,121.1114,25.62,89,86,0.87,PH,2022-08-11 21:10:52,overcast clouds
417,Saint George,37.1041,-113.5841,35.8,34,0,3.6,US,2022-08-11 21:08:03,clear sky
418,Parana,-31.732,-60.5238,18.08,59,27,3.15,AR,2022-08-11 21:10:52,scattered clouds
419,Weyburn,49.6668,-103.8511,22.2,41,100,5.43,CA,2022-08-11 21:10:53,overcast clouds
420,Pangai,-19.8,-174.35,24.24,78,66,5.23,TO,2022-08-11 21:10:53,broken clouds
421,Zima,53.9202,102.0442,10.57,94,3,0.64,RU,2022-08-11 21:10:53,clear sky
422,Vostok,46.4856,135.8833,13.44,98,81,1.53,RU,2022-08-11 21:10:54,broken clouds
423,Tromso,69.6496,18.957,10.01,81,75,8.23,NO,2022-08-11 21:10:54,light intensity shower rain
424,Laguna,38.421,-121.4238,35.35,33,0,3.09,US,2022-08-11 21:10:39,clear sky
425,Japura,-0.3167,102.35,25.61,87,95,1.1,ID,2022-08-11 21:10:55,overcast clouds
426,Acapulco,16.8634,-99.8901,30.9,62,75,3.6,MX,2022-08-11 21:10:56,broken clouds
427,Wewak,-3.5534,143.6268,24.91,88,91,2.52,PG,2022-08-11 21:10:56,overcast clouds
428,Sola,-13.8833,167.55,25.01,73,100,13.0,VU,2022-08-11 21:10:56,overcast clouds
429,Amapa,1.0,-52.0,28.19,66,56,1.3,BR,2022-08-11 21:10:57,broken clouds
430,Tessaoua,13.7574,7.9874,25.11,71,36,5.18,NE,2022-08-11 21:08:13,scattered clouds
431,Durban,-29.8579,31.0292,18.34,91,39,1.34,ZA,2022-08-11 21:10:57,scattered clouds
432,Quelimane,-17.8786,36.8883,19.92,85,0,1.92,MZ,2022-08-11 21:10:58,clear sky
433,Pasni,25.2631,63.471,28.18,82,100,5.06,PK,2022-08-11 21:10:58,overcast clouds
434,Bacsalmas,46.1265,19.3326,20.46,44,100,3.93,HU,2022-08-11 21:10:58,overcast clouds
435,Luderitz,-26.6481,15.1594,13.6,84,60,3.66,NA,2022-08-11 21:10:59,broken clouds
436,Vidalia,32.2177,-82.4135,25.06,94,100,1.54,US,2022-08-11 21:10:59,moderate rain
437,Dehloran,32.6941,47.2679,38.33,11,0,3.06,IR,2022-08-11 21:07:22,clear sky
438,Nan,18.8333,100.6667,22.47,100,100,1.51,TH,2022-08-11 21:11:00,overcast clouds
439,Topeka,39.0483,-95.678,33.65,42,0,3.6,US,2022-08-11 21:11:00,clear sky
440,Kuching,1.55,110.3333,25.12,94,20,0.0,MY,2022-08-11 21:11:01,few clouds
441,Iracoubo,5.4802,-53.2011,27.71,74,51,3.56,GF,2022-08-11 21:11:01,broken clouds
442,Severobaykalsk,55.65,109.3167,10.09,85,11,0.79,RU,2022-08-11 21:11:01,few clouds
443,Bonthe,7.5264,-12.505,24.53,88,84,4.61,SL,2022-08-11 21:11:02,moderate rain
444,Totness,5.8833,-56.3167,28.3,73,30,3.72,SR,2022-08-11 21:11:02,scattered clouds
445,Vila Velha,-20.3297,-40.2925,22.97,79,0,7.15,BR,2022-08-11 21:11:03,clear sky
446,Torbay,47.6666,-52.7314,16.27,90,98,4.16,CA,2022-08-11 21:11:03,overcast clouds
447,Haapiti,-17.5667,-149.8667,27.85,73,0,6.63,PF,2022-08-11 21:11:03,clear sky
448,Luwuk,-0.9516,122.7875,25.19,88,99,0.66,ID,2022-08-11 21:11:04,overcast clouds
449,Manjakandriana,-18.9167,47.8,10.83,88,100,3.32,MG,2022-08-11 21:11:04,overcast clouds
450,Novyy Nekouz,57.9029,38.07,14.13,73,93,2.72,RU,2022-08-11 21:11:05,overcast clouds
451,Porirua,-41.1333,174.85,7.69,94,77,3.64,NZ,2022-08-11 21:08:37,broken clouds
452,Jinka,5.65,36.65,18.78,69,99,1.39,ET,2022-08-11 21:11:05,overcast clouds
453,Hailar,49.2,119.7,11.59,83,7,2.26,CN,2022-08-11 21:12:06,clear sky
454,Morro Bay,35.3658,-120.8499,36.89,44,28,4.02,US,2022-08-11 21:12:06,scattered clouds
455,Aqtobe,50.2797,57.2072,18.05,55,0,1.0,KZ,2022-08-11 21:12:07,clear sky
456,Urengoy,65.9667,78.3667,11.03,68,100,4.17,RU,2022-08-11 21:12:07,overcast clouds
457,Xapuri,-10.6517,-68.5044,29.51,39,18,0.15,BR,2022-08-11 21:12:07,few clouds
458,Turukhansk,65.8167,87.9833,5.97,86,7,2.49,RU,2022-08-11 21:12:08,clear sky
459,Vestmanna,62.1564,-7.1664,10.51,87,100,3.6,FO,2022-08-11 21:12:08,overcast clouds
460,Havelock,34.8791,-76.9013,32.19,68,65,4.41,US,2022-08-11 21:12:09,broken clouds
461,San Andres,12.5847,-81.7006,27.52,85,100,8.22,CO,2022-08-11 21:12:09,overcast clouds
462,Grand Gaube,-20.0064,57.6608,20.21,69,70,3.13,MU,2022-08-11 21:12:09,broken clouds
463,Labuhan,-6.8844,112.2051,25.01,88,84,2.57,ID,2022-08-11 21:12:10,broken clouds
464,Letterkenny,54.95,-7.7333,15.94,95,0,1.4,IE,2022-08-11 21:08:20,clear sky
465,Hauterive,46.0901,3.4459,23.42,38,0,0.85,FR,2022-08-11 21:12:10,clear sky
466,Campbell River,50.0163,-125.2446,23.03,58,23,2.47,CA,2022-08-11 21:12:11,few clouds
467,Dinajpur,25.6272,88.6386,26.64,86,25,2.95,BD,2022-08-11 21:12:11,scattered clouds
468,Kichera,55.9375,110.0997,11.14,82,10,0.45,RU,2022-08-11 21:12:12,clear sky
469,Kapit,2.0167,112.9333,23.86,99,99,0.3,MY,2022-08-11 21:12:12,heavy intensity rain
470,Mareeba,-17.0,145.4333,18.4,99,36,1.0,AU,2022-08-11 21:12:12,scattered clouds
471,Yulara,-25.2406,130.9889,7.11,50,0,3.66,AU,2022-08-11 21:12:13,clear sky
472,Biak,-0.9131,122.8766,24.49,85,98,0.59,ID,2022-08-11 21:12:13,overcast clouds
473,Lethem,3.3803,-59.7968,29.85,63,69,1.88,GY,2022-08-11 21:12:14,broken clouds
474,Poum,-20.2333,164.0167,20.06,62,0,3.79,NC,2022-08-11 21:12:14,clear sky
475,Murray Bridge,-35.1167,139.2667,11.74,92,72,4.08,AU,2022-08-11 21:12:14,broken clouds
476,Orangeburg,33.4918,-80.8557,32.12,65,20,4.63,US,2022-08-11 21:12:15,few clouds
477,Safaga,26.7292,33.9365,32.31,38,3,5.12,EG,2022-08-11 21:12:15,clear sky
478,Maningrida,-12.0667,134.2667,19.16,93,19,3.04,AU,2022-08-11 21:12:15,few clouds
479,San Juan,-31.5375,-68.5364,17.63,25,61,1.94,AR,2022-08-11 21:09:18,broken clouds
480,Rayachoti,14.05,78.75,25.42,70,91,4.31,IN,2022-08-11 21:12:16,overcast clouds
481,Bandarbeyla,9.4942,50.8122,24.56,81,100,12.59,SO,2022-08-11 21:12:16,overcast clouds
482,Narsaq,60.9167,-46.05,14.12,79,11,2.1,GL,2022-08-11 21:12:17,few clouds
483,Carbonia,39.1672,8.5222,21.36,64,0,1.34,IT,2022-08-11 21:12:05,clear sky
484,Umm Lajj,25.0213,37.2685,32.94,56,100,4.87,SA,2022-08-11 21:12:17,overcast clouds
485,Lovington,32.944,-103.3485,31.68,42,84,0.89,US,2022-08-11 21:12:18,broken clouds
486,Coronado,32.6859,-117.1831,39.59,56,40,6.71,US,2022-08-11 21:11:27,scattered clouds
487,Opuwo,-18.0607,13.84,18.75,16,0,2.06,NA,2022-08-11 21:12:18,clear sky
488,Rio Grande,-32.035,-52.0986,15.06,83,0,3.48,BR,2022-08-11 21:12:19,clear sky
489,Tres Palos,18.1833,-101.6167,29.26,64,100,2.13,MX,2022-08-11 21:12:19,overcast clouds
490,Kirkuk,35.4681,44.3922,32.61,24,0,3.6,IQ,2022-08-11 21:12:19,clear sky
491,Nanortalik,60.1432,-45.2371,7.11,90,45,3.73,GL,2022-08-11 21:12:20,scattered clouds
492,Vanimo,-2.6741,141.3028,24.82,87,44,1.77,PG,2022-08-11 21:12:21,scattered clouds
493,Ternate,0.8,127.4,26.7,80,18,0.89,ID,2022-08-11 21:07:49,few clouds
494,Novikovo,51.1537,37.8879,22.61,59,44,5.54,RU,2022-08-11 21:12:21,scattered clouds
495,Marawi,7.9986,124.2928,20.05,89,84,1.19,PH,2022-08-11 21:12:21,broken clouds
496,Normal,40.5142,-88.9906,28.35,64,40,7.2,US,2022-08-11 21:12:22,scattered clouds
497,La Fleche,47.6982,-0.0755,27.14,27,0,4.13,FR,2022-08-11 21:12:22,clear sky
498,Berlevag,70.8578,29.0864,11.97,71,75,11.32,NO,2022-08-11 21:12:23,broken clouds
499,Namatanai,-3.6667,152.4333,26.49,82,100,3.62,PG,2022-08-11 21:12:23,light rain
500,Bell Ville,-32.6259,-62.6887,20.37,53,3,4.47,AR,2022-08-11 21:12:23,clear sky
501,Sydney,-33.8679,151.2073,14.28,77,75,5.14,AU,2022-08-11 21:13:24,light rain
502,Xining,36.6167,101.7667,18.75,86,81,0.54,CN,2022-08-11 21:13:24,broken clouds
503,Atherton,53.5237,-2.4935,25.16,61,0,0.45,GB,2022-08-11 21:13:25,clear sky
504,Maubeuge,50.2788,3.9727,24.03,36,93,3.7,FR,2022-08-11 21:13:25,overcast clouds
505,Qaqortoq,60.7167,-46.0333,7.56,89,32,1.32,GL,2022-08-11 21:13:25,scattered clouds
506,Meulaboh,4.1363,96.1285,25.2,84,100,0.29,ID,2022-08-11 21:13:26,light rain
507,Ketchikan,55.3422,-131.6461,19.99,68,40,7.2,US,2022-08-11 21:09:27,scattered clouds
508,Saint-Pierre,-21.3393,55.4781,21.06,71,0,4.12,RE,2022-08-11 21:13:26,clear sky
509,Deputatskiy,69.3,139.9,8.15,83,100,2.03,RU,2022-08-11 21:13:27,overcast clouds
510,Mandalgovi,45.7625,106.2708,13.17,88,100,5.41,MN,2022-08-11 21:13:27,overcast clouds
511,Pisco,-13.7,-76.2167,17.03,77,20,3.6,PE,2022-08-11 21:08:51,few clouds
512,Caravelas,-17.7125,-39.2481,22.95,71,100,5.17,BR,2022-08-11 21:13:28,overcast clouds
513,Kualakapuas,-3.0091,114.3876,22.85,95,74,1.18,ID,2022-08-11 21:13:28,broken clouds
514,Bafra,41.5678,35.9069,24.9,86,51,2.92,TR,2022-08-11 21:13:29,broken clouds
515,Strezhevoy,60.7333,77.5889,11.03,70,79,2.65,RU,2022-08-11 21:13:29,broken clouds
516,Aplahoue,6.9333,1.6833,23.47,80,100,3.21,BJ,2022-08-11 21:13:29,overcast clouds
517,Severo-Kurilsk,50.6789,156.125,13.36,96,96,5.68,RU,2022-08-11 21:08:49,overcast clouds
518,Shirokiy,49.758,129.523,11.5,96,63,2.24,RU,2022-08-11 21:13:30,broken clouds
519,Manzhouli,49.6,117.4333,14.76,63,60,1.87,CN,2022-08-11 21:13:30,broken clouds
520,Petropavlovsk-Kamchatskiy,53.0452,158.6483,11.33,100,75,1.0,RU,2022-08-11 21:13:31,broken clouds
521,Dharchula,29.85,80.5333,21.9,73,56,2.43,IN,2022-08-11 21:13:31,broken clouds
522,Ginir,7.1333,40.7,14.2,84,94,3.48,ET,2022-08-11 21:13:31,overcast clouds
523,Dambulla,7.86,80.6517,24.97,78,100,5.12,LK,2022-08-11 21:13:32,overcast clouds
524,Hattiesburg,31.3271,-89.2903,28.96,86,75,0.0,US,2022-08-11 21:13:13,broken clouds
525,Nelson Bay,-32.7167,152.15,13.33,98,100,1.34,AU,2022-08-11 21:13:32,light rain
526,Playa Vicente,17.8333,-95.8167,30.04,70,64,3.28,MX,2022-08-11 21:13:33,broken clouds
527,Rio Gallegos,-51.6226,-69.2181,4.03,75,40,3.09,AR,2022-08-11 21:11:30,scattered clouds
528,Sohag,26.557,31.6948,31.6,22,4,3.09,EG,2022-08-11 21:13:33,clear sky
529,Liaozhong,41.5061,122.7242,19.58,95,88,1.89,CN,2022-08-11 21:13:34,overcast clouds
530,Sao Filipe,14.8961,-24.4956,25.87,78,17,6.06,CV,2022-08-11 21:13:34,few clouds
531,Taoudenni,22.6783,-3.9836,39.76,9,0,1.58,ML,2022-08-11 21:13:35,clear sky
532,Palmer,42.1584,-72.3287,30.04,48,75,6.17,US,2022-08-11 21:13:35,broken clouds
533,Kouango,4.9934,19.9619,22.13,96,100,1.56,CF,2022-08-11 21:13:36,overcast clouds
534,Deori Khas,23.4,79.0167,23.66,95,100,5.03,IN,2022-08-11 21:13:36,overcast clouds
535,Polunochnoye,60.8697,60.4153,13.31,85,98,3.47,RU,2022-08-11 21:13:36,overcast clouds
536,Sawtell,-30.3833,153.1,13.44,88,100,2.57,AU,2022-08-11 21:13:37,light rain
537,Puerto El Triunfo,13.2833,-88.55,30.14,67,42,3.54,SV,2022-08-11 21:13:37,scattered clouds
538,Liverpool,53.4106,-2.9779,25.3,65,0,3.09,GB,2022-08-11 21:13:38,clear sky
539,Hay River,60.8156,-115.7999,16.31,41,2,1.16,CA,2022-08-11 21:10:44,clear sky
540,Kilakarai,9.2333,78.7833,28.66,62,100,6.35,IN,2022-08-11 21:13:38,overcast clouds
541,Port Lincoln,-34.7333,135.8667,11.92,80,89,7.62,AU,2022-08-11 21:13:39,overcast clouds
542,Kondinskoye,59.6481,67.41,16.82,97,100,2.86,RU,2022-08-11 21:13:39,overcast clouds
543,Praia Da Vitoria,38.7333,-27.0667,23.2,90,100,6.42,PT,2022-08-11 21:13:39,overcast clouds
544,Saldanha,-33.0117,17.9442,13.39,87,100,4.56,ZA,2022-08-11 21:13:40,overcast clouds
545,Hargeysa,9.56,44.065,20.87,64,100,12.3,SO,2022-08-11 21:11:08,overcast clouds
546,Tupik,54.4253,119.9327,12.77,96,100,0.78,RU,2022-08-11 21:13:40,overcast clouds
547,Edson,53.5835,-116.4356,26.75,34,80,5.31,CA,2022-08-11 21:13:41,broken clouds
548,Mirnyy,62.5353,113.9611,13.31,88,100,1.69,RU,2022-08-11 21:13:41,overcast clouds
549,Mopti,14.6667,-4.0,31.72,52,49,5.47,ML,2022-08-11 21:13:41,scattered clouds
550,Koslan,63.4564,48.8989,16.43,67,100,4.4,RU,2022-08-11 21:14:42,overcast clouds
551,Aras,42.5617,-2.356,23.23,65,0,1.54,ES,2022-08-11 21:14:42,clear sky
552,Marsh Harbour,26.5412,-77.0636,28.7,67,0,5.24,BS,2022-08-11 21:14:43,clear sky
553,Popondetta,-8.7537,148.2534,23.23,87,98,0.9,PG,2022-08-11 21:14:43,overcast clouds
554,Kushima,31.4583,131.2333,25.75,92,95,2.39,JP,2022-08-11 21:14:44,overcast clouds
555,Russell,32.3502,-85.1999,29.78,65,40,7.2,US,2022-08-11 21:12:42,scattered clouds
556,Taltal,-25.4,-70.4833,15.06,74,89,2.16,CL,2022-08-11 21:14:44,overcast clouds
557,Nguru,12.8791,10.4526,26.32,68,100,5.7,NG,2022-08-11 21:14:44,overcast clouds
558,Florianopolis,-27.6146,-48.5012,15.94,79,75,2.57,BR,2022-08-11 21:14:03,broken clouds
559,Cozumel,20.5083,-86.9458,33.04,75,75,4.47,MX,2022-08-11 21:14:45,broken clouds
560,Merritt Island,28.5392,-80.672,30.05,68,20,2.57,US,2022-08-11 21:09:59,few clouds
561,Tongren,27.7172,109.1853,24.59,89,100,1.5,CN,2022-08-11 21:14:46,overcast clouds
562,Tuma,55.148,40.5537,14.32,70,0,1.35,RU,2022-08-11 21:14:46,clear sky
563,Santa Maria,-29.6842,-53.8069,13.61,85,7,2.59,BR,2022-08-11 21:14:46,clear sky
564,Ugoofaaru,5.6667,73.0,27.36,80,68,5.63,MV,2022-08-11 21:14:47,broken clouds
565,Kawalu,-7.3817,108.2082,21.98,98,67,0.06,ID,2022-08-11 21:14:47,heavy intensity rain
566,Progreso,21.2833,-89.6667,32.06,75,83,3.92,MX,2022-08-11 21:14:48,broken clouds
567,Sorland,67.667,12.6934,10.92,81,92,11.6,NO,2022-08-11 21:14:48,overcast clouds
568,Thunder Bay,48.4001,-89.3168,23.95,33,20,2.06,CA,2022-08-11 21:14:48,few clouds
569,Laredo,27.5064,-99.5075,40.16,27,20,4.12,US,2022-08-11 21:12:37,few clouds
570,Pontal Do Parana,-25.6533,-48.5128,16.0,87,98,2.68,BR,2022-08-11 21:14:49,overcast clouds
571,Baherden,38.4362,57.4316,28.4,24,0,2.87,TM,2022-08-11 21:14:49,clear sky
572,Maizuru,35.45,135.3333,25.51,92,100,2.76,JP,2022-08-11 21:14:50,overcast clouds
573,Ust-Nera,64.5667,143.2,16.86,70,98,0.31,RU,2022-08-11 21:14:50,overcast clouds
574,Kayerkan,69.3497,87.7602,8.07,81,95,3.2,RU,2022-08-11 21:14:50,light rain
575,Hirara,24.8,125.2833,29.5,71,92,1.58,JP,2022-08-11 21:14:51,overcast clouds
576,Benjamin Constant,-4.3831,-70.0311,27.07,73,40,1.54,BR,2022-08-11 21:14:51,scattered clouds
577,Troyes,48.3333,4.0833,26.03,31,0,3.09,FR,2022-08-11 21:14:51,clear sky
578,Touros,-5.1989,-35.4608,24.97,81,18,5.1,BR,2022-08-11 21:14:52,few clouds
579,Arkadak,51.9326,43.4978,20.27,86,98,3.5,RU,2022-08-11 21:14:52,overcast clouds
580,Carnot,4.9409,15.8665,20.73,96,100,0.72,CF,2022-08-11 21:14:53,overcast clouds
581,Muros,42.7762,-9.0603,20.05,88,39,0.61,ES,2022-08-11 21:14:53,scattered clouds
582,Marsabit,2.3284,37.9899,18.14,59,80,11.11,KE,2022-08-11 21:14:53,broken clouds
583,Adre,13.4667,22.2,22.34,87,99,1.9,TD,2022-08-11 21:14:54,light rain
584,Pacific Grove,36.6177,-121.9166,29.02,73,0,5.66,US,2022-08-11 21:14:05,clear sky
585,Slonim,53.0867,25.3219,16.24,86,9,2.98,BY,2022-08-11 21:14:54,clear sky
586,Evensk,61.95,159.2333,11.67,98,100,2.43,RU,2022-08-11 21:14:55,overcast clouds
587,Kars,40.602,43.095,16.25,72,0,6.17,TR,2022-08-11 21:14:55,clear sky
588,Katsuura,35.1333,140.3,27.19,85,60,8.72,JP,2022-08-11 21:14:56,broken clouds
589,Prince Rupert,54.3161,-130.3201,19.05,72,0,2.06,CA,2022-08-11 21:14:56,clear sky
590,Pesqueira,-8.3578,-36.6964,20.66,90,15,3.96,BR,2022-08-11 21:14:56,few clouds
591,Haines Junction,60.7522,-137.5108,13.49,82,100,1.36,CA,2022-08-11 21:14:57,overcast clouds
592,Afyonkarahisar,38.75,30.6667,18.01,69,0,2.38,TR,2022-08-11 21:14:57,clear sky
593,Bemidji,47.4736,-94.8803,25.03,48,0,2.57,US,2022-08-11 21:14:58,clear sky
594,Sharjah,25.3573,55.4033,36.99,52,0,2.06,AE,2022-08-11 21:13:36,clear sky
595,Mandurah,-32.55,115.7,10.75,81,1,6.22,AU,2022-08-11 21:14:58,clear sky
596,Ewa Beach,21.3156,-158.0072,30.97,57,75,6.71,US,2022-08-11 21:14:58,broken clouds
597,Blaubeuren,48.4122,9.7843,20.06,65,68,2.95,DE,2022-08-11 21:14:59,broken clouds
598,Athabasca,54.7169,-113.2854,30.07,38,82,1.67,CA,2022-08-11 21:14:59,broken clouds
599,Tiksi,71.6872,128.8694,4.4,96,100,5.37,RU,2022-08-11 21:15:59,overcast clouds
600,Manavalakurichi,8.1333,77.3,25.9,80,100,7.15,IN,2022-08-11 21:16:00,overcast clouds
601,Turayf,31.6725,38.6637,28.14,44,0,5.14,SA,2022-08-11 21:16:00,clear sky
602,Kumluca,36.3703,30.2869,27.66,64,0,1.68,TR,2022-08-11 21:16:01,clear sky
603,Vuktyl,63.8567,57.3094,10.52,90,33,3.14,RU,2022-08-11 21:16:01,scattered clouds
604,Yeppoon,-23.1333,150.7333,14.88,90,100,3.14,AU,2022-08-11 21:16:02,overcast clouds
605,Kidal,18.4411,1.4078,37.15,20,44,2.97,ML,2022-08-11 21:14:39,scattered clouds
606,Dingle,10.9995,122.6711,24.2,89,83,0.45,PH,2022-08-11 21:16:02,heavy intensity rain
607,Riyadh,24.6877,46.7219,38.08,17,11,5.65,SA,2022-08-11 21:16:03,few clouds
608,Cap Malheureux,-19.9842,57.6142,20.26,69,69,3.13,MU,2022-08-11 21:16:03,broken clouds
609,Alzey,49.7517,8.1161,26.74,46,40,1.61,DE,2022-08-11 21:16:04,scattered clouds
610,Khani,41.9563,42.9566,18.76,92,8,0.91,GE,2022-08-11 21:16:04,clear sky
611,Turkistan,43.0,68.0,22.64,39,0,1.76,KZ,2022-08-11 21:16:04,clear sky
612,Caxito,-8.5785,13.6643,19.34,91,72,0.5,AO,2022-08-11 21:16:05,broken clouds
613,Nara,34.6851,135.8049,28.62,63,99,1.12,JP,2022-08-11 21:16:05,overcast clouds
614,Katastarion,37.8333,20.7667,22.94,73,4,1.25,GR,2022-08-11 21:16:05,clear sky
615,Sabang,5.8933,95.3214,27.79,74,100,8.79,ID,2022-08-11 21:16:06,overcast clouds
616,Redwater,33.3582,-94.2544,34.68,66,43,5.0,US,2022-08-11 21:16:06,scattered clouds
617,Pasighat,28.0667,95.3333,26.0,82,76,1.25,IN,2022-08-11 21:16:07,broken clouds
618,Kenora,49.8167,-94.4337,22.54,40,75,2.57,CA,2022-08-11 21:16:07,broken clouds
619,Gejiu,23.306,103.1635,13.99,98,96,2.06,CN,2022-08-11 21:16:07,overcast clouds
620,Sinnamary,5.3833,-52.95,27.97,72,41,3.76,GF,2022-08-11 21:16:08,scattered clouds
621,Isangel,-19.55,169.2667,22.2,58,5,6.41,VU,2022-08-11 21:16:08,clear sky
622,Waipawa,-41.4122,175.5153,5.44,86,74,0.71,NZ,2022-08-11 21:16:09,broken clouds
623,Puerto Baquerizo Moreno,-0.9,-89.6,22.55,83,75,4.12,EC,2022-08-11 21:16:09,broken clouds
624,Chulakivka,46.3576,32.3514,23.19,58,99,5.86,UA,2022-08-11 21:16:09,overcast clouds
625,Jabinyanah,35.035,10.9081,28.89,64,0,3.82,TN,2022-08-11 21:16:10,clear sky
626,Kyaukse,21.6,96.1333,26.71,78,95,3.39,MM,2022-08-11 21:16:10,light rain
627,Bom Jesus,-9.0744,-44.3586,30.31,19,0,0.95,BR,2022-08-11 21:16:11,clear sky
628,Arlit,18.7369,7.3853,38.11,17,2,2.76,NE,2022-08-11 21:16:11,clear sky
629,Bauchi,10.5,10.0,21.26,85,100,1.59,NG,2022-08-11 21:16:11,overcast clouds
630,Chapais,49.7834,-74.8492,11.88,96,100,4.02,CA,2022-08-11 21:16:12,overcast clouds
631,Karratha,-20.7377,116.8463,17.12,23,4,7.5,AU,2022-08-11 21:16:12,clear sky
632,Inongo,-1.95,18.2667,23.81,49,100,2.51,CD,2022-08-11 21:16:13,overcast clouds
633,Severnyy,50.677,36.5532,22.02,73,0,5.0,RU,2022-08-11 21:16:13,clear sky
634,Turka,49.1541,23.0297,12.3,93,10,1.11,UA,2022-08-11 21:16:14,clear sky
635,Piranhas,-16.4269,-51.8222,25.42,16,5,1.5,BR,2022-08-11 21:14:45,clear sky
636,Road Town,18.4167,-64.6167,29.05,74,20,4.63,VG,2022-08-11 21:16:14,few clouds
637,Tomatlan,19.9333,-105.25,30.72,67,100,3.96,MX,2022-08-11 21:16:15,overcast clouds
638,Wattegama,6.7989,81.4808,25.25,71,100,1.55,LK,2022-08-11 21:16:15,overcast clouds
639,Velizh,55.6056,31.1967,14.09,72,0,0.99,RU,2022-08-11 21:16:15,clear sky
640,Qeshm,26.9581,56.2719,32.93,77,39,0.76,IR,2022-08-11 21:16:16,scattered clouds
641,Brae,60.3964,-1.353,12.01,93,100,2.96,GB,2022-08-11 21:16:16,overcast clouds
642,Cabadiangan,9.7531,122.4739,25.19,90,60,1.1,PH,2022-08-11 21:16:17,broken clouds
643,Richards Bay,-28.783,32.0377,21.39,68,2,6.45,ZA,2022-08-11 21:16:17,clear sky
644,Nicolas Bravo,18.45,-88.9167,28.91,70,99,1.58,MX,2022-08-11 21:16:18,overcast clouds
645,Bilibino,68.0546,166.4372,16.67,66,100,2.3,RU,2022-08-11 21:16:18,overcast clouds
646,Siderno,38.2779,16.302,22.41,78,16,2.5,IT,2022-08-11 21:17:18,few clouds
647,Valparaiso,-33.0393,-71.6273,13.13,90,75,4.12,CL,2022-08-11 21:17:18,broken clouds
648,Leh,34.1667,77.5833,19.63,46,100,2.53,IN,2022-08-11 21:17:19,overcast clouds
649,Tessalit,20.1986,1.0114,37.23,21,42,0.4,ML,2022-08-11 21:17:19,scattered clouds
650,Izumo,35.3667,132.7667,26.97,92,95,2.61,JP,2022-08-11 21:17:20,overcast clouds
651,Chipinge,-20.1883,32.6236,12.29,79,0,2.13,ZW,2022-08-11 21:17:20,clear sky
652,Jinchang,38.4953,102.1739,25.64,66,21,2.12,CN,2022-08-11 21:17:20,few clouds
653,Dongzhen,22.3797,110.9389,24.14,92,32,1.13,CN,2022-08-11 21:17:21,scattered clouds
654,Bermeo,43.4209,-2.7215,26.89,85,12,3.98,ES,2022-08-11 21:17:21,few clouds
655,Muana,-1.5283,-49.2167,29.08,64,33,1.36,BR,2022-08-11 21:17:22,scattered clouds
656,Bakchar,57.0186,82.0711,10.47,81,3,2.07,RU,2022-08-11 21:17:22,clear sky
657,Usevya,-7.1,31.2333,21.13,40,21,1.41,TZ,2022-08-11 21:17:22,few clouds
658,Abnub,27.2696,31.1511,30.83,23,0,3.54,EG,2022-08-11 21:17:23,clear sky
659,Palembang,-2.9167,104.7458,26.05,94,20,1.54,ID,2022-08-11 21:17:23,few clouds
660,Brigantine,39.4101,-74.3646,30.02,75,0,4.63,US,2022-08-11 21:17:24,clear sky
661,Mudgal,16.0167,76.4333,23.14,82,42,8.45,IN,2022-08-11 21:17:24,scattered clouds
662,Nhulunbuy,-12.2333,136.7667,21.34,88,21,2.06,AU,2022-08-11 21:17:17,few clouds
663,Sciacca,37.5082,13.0881,25.26,69,17,1.01,IT,2022-08-11 21:17:24,few clouds
664,Ducheng,23.2373,111.5317,23.84,97,6,1.08,CN,2022-08-11 21:17:25,clear sky
665,Aswan,24.0934,32.907,34.5,21,47,7.01,EG,2022-08-11 21:17:25,scattered clouds
666,Kibala,9.1104,18.3463,23.97,94,20,0.0,TD,2022-08-11 21:17:26,few clouds
667,West Bay,19.3667,-81.4167,31.11,80,75,1.54,KY,2022-08-11 21:17:26,broken clouds
668,Fort Saint James,54.4333,-124.25,30.36,26,24,1.69,CA,2022-08-11 21:17:27,few clouds
669,Mahon,39.8885,4.2658,27.31,65,0,1.54,ES,2022-08-11 21:17:27,clear sky
670,Ngunguru,-35.6167,174.5,8.71,70,5,4.74,NZ,2022-08-11 21:17:27,clear sky
671,Ambovombe,-25.1667,46.0833,17.84,75,0,2.73,MG,2022-08-11 21:17:28,clear sky
672,Calgary,51.0501,-114.0853,32.4,33,40,8.23,CA,2022-08-11 21:13:50,scattered clouds
673,Talnakh,69.4865,88.3972,8.45,69,93,1.73,RU,2022-08-11 21:17:28,overcast clouds
674,Winslow,35.0242,-110.6974,31.1,33,100,3.09,US,2022-08-11 21:17:29,overcast clouds
675,Villena,38.6373,-0.8657,25.35,60,0,1.38,ES,2022-08-11 21:17:29,clear sky
676,Lethbridge,49.7,-112.8186,36.62,12,33,5.56,CA,2022-08-11 21:17:30,scattered clouds
677,Dabat,12.9842,37.765,11.03,97,99,1.43,ET,2022-08-11 21:17:30,overcast clouds
678,Barabinsk,55.3571,78.357,17.03,81,68,4.27,RU,2022-08-11 21:17:31,broken clouds
679,Belmonte,-15.8631,-38.8828,23.96,83,71,4.56,BR,2022-08-11 21:17:31,broken clouds
680,Esterhazy,50.65,-102.0843,18.86,61,100,4.6,CA,2022-08-11 21:17:31,heavy intensity rain
681,Mitzic,0.7821,11.549,21.52,83,98,2.02,GA,2022-08-11 21:17:32,overcast clouds
682,Saint-Joseph,-21.3667,55.6167,17.34,70,35,5.42,RE,2022-08-11 21:17:32,scattered clouds
683,Roma,43.2128,-75.4557,27.63,53,0,6.26,US,2022-08-11 21:17:33,clear sky
684,Oskarshamn,57.2645,16.4484,17.21,66,1,2.67,SE,2022-08-11 21:17:33,clear sky
685,Byron Bay,-28.65,153.6167,12.75,82,100,2.67,AU,2022-08-11 21:17:34,overcast clouds
686,Tilichiki,60.4667,166.1,12.12,89,100,2.13,RU,2022-08-11 21:17:34,overcast clouds
687,Kachug,53.9606,105.8817,9.17,96,1,1.29,RU,2022-08-11 21:17:35,clear sky
688,Zhangye,38.9342,100.4517,27.08,54,2,0.94,CN,2022-08-11 21:17:35,clear sky
689,San Jeronimo,-11.9472,-75.2829,16.19,45,89,3.38,PE,2022-08-11 21:17:35,overcast clouds
690,Solnechnyy,50.7214,136.6319,11.78,97,98,1.74,RU,2022-08-11 21:17:36,moderate rain
691,Noumea,-22.2763,166.4572,21.11,99,72,5.31,NC,2022-08-11 21:18:36,broken clouds
692,Energetik,51.7445,58.7934,21.46,59,84,3.14,RU,2022-08-11 21:18:37,broken clouds
693,Marzuq,14.4,46.4667,25.94,69,100,2.37,YE,2022-08-11 21:18:37,overcast clouds
694,San Rafael,-34.6177,-68.3301,16.06,32,0,4.39,AR,2022-08-11 21:18:37,clear sky
695,Wawa,9.9022,4.4192,21.97,97,100,3.21,NG,2022-08-11 21:18:38,heavy intensity rain
696,Sajanan,37.0573,9.2426,24.51,74,0,1.26,TN,2022-08-11 21:18:38,clear sky
